autocorrelation_strength,baseline,baseline_mae,baseline_mase,baseline_mode,changepoint_density,coefficient_of_variation,context_length,dataset,domain,empirical_coverage_90,failure_delta_005,feature_source,flatness_score,forecast_variance_ratio,horizon,horizon_context_ratio,kurtosis_excess,mae,mase,missingness,origin,regime,relative_error_ratio,rmse,run_id,seasonality_strength,series_id,spectral_entropy,spike_frequency,spike_recall,trend_strength,window_index,zero_ratio
0.999775265534595,auto_ets,119.97373650667669,0.43848087482860715,auto_ets,0.06299212598425197,1.1055068628897424,128,covid_deaths/D/short,Healthcare,0.9,0,computed_from_history_sidecar,0.0,5.638693652124218,30,0.234375,-0.28213067217189813,125.46527913411458,0.4585514043090618,0.0,182,medium_snr_persistent,1.0457728731915525,145.1878244116466,timesfm_2_5_m128_covid_deaths_short_auto_ets_oral_sidecar_rerun_1783619263,0.0,T1,0.3786512856573337,0.015748031496062992,0.0,0.8484132186894865,0,0.046875
0.9993123729210113,auto_ets,23.571151035411745,1.1596249003364647,auto_ets,0.47244094488188976,0.6923018695653227,128,covid_deaths/D/short,Healthcare,0.16666666666666666,1,computed_from_history_sidecar,0.5185795153602878,0.6341555798147145,30,0.234375,1.1867483682261932,35.233576965332034,1.7333787864469727,0.0,182,medium_snr_persistent,1.4947754105176254,40.72823694487552,timesfm_2_5_m128_covid_deaths_short_auto_ets_oral_sidecar_rerun_1783619263,0.0,T2,0.533986039962241,0.0,0.3333333333333333,0.7685692106108303,0,0.0
0.9998677121431518,auto_ets,9.023695024118023,0.034075297178004116,auto_ets,0.07874015748031496,0.5755848390734272,128,covid_deaths/D/short,Healthcare,1.0,1,computed_from_history_sidecar,0.10546223958341983,8.778470676417243,30,0.234375,-0.9691198160924186,30.619437662760415,0.11562518846140989,0.0,182,medium_snr_persistent,3.393226120887188,31.89919171644173,timesfm_2_5_m128_covid_deaths_short_auto_ets_oral_sidecar_rerun_1783619263,0.0,T3,0.40336492604659957,0.023622047244094488,0.3333333333333333,0.9856897598093161,0,0.0
0.999068257981009,auto_ets,0.2999868891399698,0.024316555116389294,auto_ets,0.25984251968503935,0.42835510755338463,128,covid_deaths/D/short,Healthcare,0.8,1,computed_from_history_sidecar,0.0,0.4860671641248483,30,0.234375,0.32480925011014916,0.3987330118815104,0.03232079004498333,0.0,182,medium_snr_persistent,1.3291681280582162,0.5993329578772819,timesfm_2_5_m128_covid_deaths_short_auto_ets_oral_sidecar_rerun_1783619263,0.0,T4,0.37244007208551755,0.03937007874015748,0.0,0.719784482088299,0,0.046875
0.9980968572290279,auto_ets,24.364544754281447,4.286760118346789,auto_ets,0.18110236220472442,1.2174869473554641,128,covid_deaths/D/short,Healthcare,0.03333333333333333,1,computed_from_history_sidecar,0.824316914876387,0.05394053020581186,30,0.234375,1.4487556595270537,30.7670103708903,5.413226241196982,0.0,182,medium_snr_persistent,1.262777970250502,35.534583768172226,timesfm_2_5_m128_covid_deaths_short_auto_ets_oral_sidecar_rerun_1783619263,0.0,T5,0.46045370104268546,0.047244094488188976,0.3333333333333333,0.6639843554495855,0,0.1015625
0.9910893162393865,auto_ets,0.0,0.0,auto_ets,0.023622047244094488,0.47166285187863194,128,covid_deaths/D/short,Healthcare,1.0,1,computed_from_history_sidecar,0.0,4103481.58318024,30,0.234375,0.5490558760657356,0.0015463590621948241,0.0020205758412652633,0.0,182,medium_snr_persistent,1546359062.1948242,0.0019061837140735395,timesfm_2_5_m128_covid_deaths_short_auto_ets_oral_sidecar_rerun_1783619263,0.0,T6,0.3760456159762908,0.023622047244094488,0.0,0.5216925545108925,0,0.171875
0.9998914822515804,auto_ets,657.3462976743956,1.3323392933360352,auto_ets,0.10236220472440945,1.0246779520065477,128,covid_deaths/D/short,Healthcare,0.23333333333333334,1,computed_from_history_sidecar,0.4151556335899763,1.9088799181846412,30,0.234375,0.2836245396144941,850.5544270833333,1.7239422939373845,0.0,182,medium_snr_persistent,1.2939213776550977,1045.494129027013,timesfm_2_5_m128_covid_deaths_short_auto_ets_oral_sidecar_rerun_1783619263,0.0,T7,0.4351013991704681,0.015748031496062992,0.0,0.8473199949405463,0,0.0
0.999867562859192,auto_ets,64.84442189770729,0.4202879197073594,auto_ets,0.007874015748031496,1.1453333591352635,128,covid_deaths/D/short,Healthcare,0.6666666666666666,0,computed_from_history_sidecar,0.0,3.3176325540327145,30,0.234375,-0.5226148389215983,54.84760538736979,0.355493738621839,0.0,182,medium_snr_persistent,0.8458338247488979,65.15796895566294,timesfm_2_5_m128_covid_deaths_short_auto_ets_oral_sidecar_rerun_1783619263,0.0,T8,0.35664733300749374,0.0,0.0,0.8326704492003186,0,0.078125
0.9883687584935313,auto_ets,0.0,0.0,auto_ets,0.023622047244094488,0.39561409887878884,128,covid_deaths/D/short,Healthcare,1.0,1,computed_from_history_sidecar,0.0,2889422.946761219,30,0.234375,1.7257627629060428,0.001957400639851888,0.003044845439764867,0.0,182,medium_snr_persistent,1957400639.851888,0.002238563231682123,timesfm_2_5_m128_covid_deaths_short_auto_ets_oral_sidecar_rerun_1783619263,0.0,T9,0.42647649176316244,0.023622047244094488,0.0,0.4956588342624849,0,0.109375
0.9985761869418304,auto_ets,1.1463255258743505,0.10129837830088047,auto_ets,0.23622047244094488,0.41868665911637937,128,covid_deaths/D/short,Healthcare,0.3,0,computed_from_history_sidecar,0.08087412517164527,0.15017658700364309,30,0.234375,-0.4989742295638422,1.1598135630289714,0.1024902878059776,0.0,182,medium_snr_persistent,1.0117663236569046,1.5430012506578799,timesfm_2_5_m128_covid_deaths_short_auto_ets_oral_sidecar_rerun_1783619263,0.0,T10,0.3375860978701662,0.031496062992125984,0.0,0.7730014914308021,0,0.0
0.0,auto_ets,0.0,0.0,auto_ets,0.0,0.0,128,covid_deaths/D/short,Healthcare,1.0,0,computed_from_history_sidecar,1.0,0.0,30,0.234375,0.0,0.0,0.0,0.0,182,medium_snr_persistent,0.0,0.0,timesfm_2_5_m128_covid_deaths_short_auto_ets_oral_sidecar_rerun_1783619263,0.0,T11,0.0,0.0,1.0,1.0,0,1.0
0.989381647705414,auto_ets,0.000856803786744346,0.0006717341688070406,auto_ets,0.05511811023622047,0.3661447177586646,128,covid_deaths/D/short,Healthcare,1.0,1,computed_from_history_sidecar,0.0,517732752.78820246,30,0.234375,2.2223793867667805,0.01761342684427897,0.013808926645903887,0.0,182,medium_snr_persistent,20.557129994311467,0.02160149799010949,timesfm_2_5_m128_covid_deaths_short_auto_ets_oral_sidecar_rerun_1783619263,0.0,T12,0.44400936210029396,0.05511811023622047,0.3333333333333333,0.48164414947759127,0,0.078125
0.9934793207828394,auto_ets,0.0,0.0,auto_ets,0.031496062992125984,0.467904810022796,128,covid_deaths/D/short,Healthcare,1.0,1,computed_from_history_sidecar,0.0,4938123.963800623,30,0.234375,0.6734842951059168,0.001728669802347819,0.0017646837565615972,0.0,182,medium_snr_persistent,1728669802.347819,0.0021911139231490704,timesfm_2_5_m128_covid_deaths_short_auto_ets_oral_sidecar_rerun_1783619263,0.0,T13,0.3891002069241877,0.031496062992125984,0.0,0.48041488988896897,0,0.171875
0.9981850253839336,auto_ets,1.7377590921796582e-08,4.936243218364004e-09,auto_ets,0.10236220472440945,0.5041777464346755,128,covid_deaths/D/short,Healthcare,1.0,1,computed_from_history_sidecar,0.0,125163952.44921471,30,0.234375,-0.5366729982861371,0.009188365936279298,0.002610028584797436,0.0,182,medium_snr_persistent,528717.5454918535,0.01154238524396721,timesfm_2_5_m128_covid_deaths_short_auto_ets_oral_sidecar_rerun_1783619263,0.0,T14,0.31295898767225655,0.0,0.0,0.6853689025852495,0,0.1171875
0.9954612348921231,auto_ets,119.38074858190119,20.101912991450767,auto_ets,0.2047244094488189,0.4870325777370301,128,covid_deaths/D/short,Healthcare,0.03333333333333333,1,computed_from_history_sidecar,0.9366588138398725,0.029358117109546014,30,0.234375,1.7914478098321194,145.75553245544432,24.543027801771718,0.0,182,medium_snr_persistent,1.2209299588655829,179.48828415838994,timesfm_2_5_m128_covid_deaths_short_auto_ets_oral_sidecar_rerun_1783619263,0.0,T15,0.6418835693545947,0.03937007874015748,0.0,0.7469697565693751,0,0.078125
0.9951839617584478,auto_ets,0.027029657835292653,0.014165275229183379,auto_ets,0.05511811023622047,0.37635963856924765,128,covid_deaths/D/short,Healthcare,1.0,0,computed_from_history_sidecar,0.0,61157302.02217449,30,0.234375,0.41917844435797225,0.005846532185872396,0.0030639580439315215,0.0,182,medium_snr_persistent,0.21630063618571865,0.0075116021086304675,timesfm_2_5_m128_covid_deaths_short_auto_ets_oral_sidecar_rerun_1783619263,0.0,T16,0.3720614098072027,0.05511811023622047,0.0,0.6384056329287081,0,0.0
0.9996410800647973,auto_ets,9.998065063971346,0.058076603418243514,auto_ets,0.18110236220472442,0.4374910970370685,128,covid_deaths/D/short,Healthcare,0.3333333333333333,1,computed_from_history_sidecar,0.0,11.750951515490119,30,0.234375,0.03208351437755752,14.338077799479167,0.0832868012772776,0.0,182,medium_snr_persistent,1.4340852662727606,15.93618076322345,timesfm_2_5_m128_covid_deaths_short_auto_ets_oral_sidecar_rerun_1783619263,0.0,T17,0.37460745746820684,0.007874015748031496,0.0,0.7630866107193678,0,0.0
0.9999259041240016,auto_ets,40.80397750814495,0.5156402057766802,auto_ets,0.007874015748031496,1.1395012255748131,128,covid_deaths/D/short,Healthcare,1.0,0,computed_from_history_sidecar,0.0,7.575202317376892,30,0.234375,0.20946820352506856,17.87019246419271,0.2258257719524002,0.0,182,medium_snr_persistent,0.43795221827639647,24.4396033325011,timesfm_2_5_m128_covid_deaths_short_auto_ets_oral_sidecar_rerun_1783619263,0.0,T18,0.40774754814482306,0.007874015748031496,0.0,0.7987212015715659,0,0.0
0.9954244227687943,auto_ets,3.633333333250522,1.4073781290846372,auto_ets,0.06299212598425197,0.4375096656074065,128,covid_deaths/D/short,Healthcare,0.26666666666666666,0,computed_from_history_sidecar,0.9776607354482555,0.0002333039681406182,30,0.234375,0.9199442235640092,3.6392060279846192,1.4096529278353933,0.0,182,medium_snr_persistent,1.0016163379999714,4.83839324726239,timesfm_2_5_m128_covid_deaths_short_auto_ets_oral_sidecar_rerun_1783619263,0.0,T19,0.382822316049129,0.015748031496062992,0.0,0.555846134228789,0,0.125
0.9995349505848088,auto_ets,5.243315316789025,0.18080397644099463,auto_ets,0.47244094488188976,1.1616254789291804,128,covid_deaths/D/short,Healthcare,0.9666666666666667,1,computed_from_history_sidecar,0.0,5.923971104582219,30,0.234375,-0.1459492412814023,8.08974100748698,0.27895658646505866,0.0,182,medium_snr_persistent,1.5428675406154184,9.448554193046922,timesfm_2_5_m128_covid_deaths_short_auto_ets_oral_sidecar_rerun_1783619263,0.0,T20,0.3774117041992396,0.015748031496062992,0.0,0.7627812382922099,0,0.0
0.9999408417022156,auto_ets,62.034934811183845,0.09652943174811063,auto_ets,0.0,1.0970927338108694,128,covid_deaths/D/short,Healthcare,1.0,1,computed_from_history_sidecar,0.0,24.13950965961399,30,0.234375,-0.6042576385116045,65.55038248697916,0.1019996424852961,0.0,182,medium_snr_persistent,1.056668838074776,81.44322030671174,timesfm_2_5_m128_covid_deaths_short_auto_ets_oral_sidecar_rerun_1783619263,0.0,T21,0.3542379052264553,0.0,0.0,0.8605425362671448,0,0.015625
0.9962095836607248,auto_ets,1.9789917763783175e-08,1.0895572701402715e-08,auto_ets,0.05511811023622047,0.47656120555457626,128,covid_deaths/D/short,Healthcare,1.0,1,computed_from_history_sidecar,0.0,66625852.84628419,30,0.234375,0.229653792385077,0.007076724370320638,0.0038961740915227005,0.0,182,medium_snr_persistent,357574.3406539158,0.008353776206315847,timesfm_2_5_m128_covid_deaths_short_auto_ets_oral_sidecar_rerun_1783619263,0.0,T22,0.34727752507074905,0.05511811023622047,0.0,0.6244982334943381,0,0.15625
0.9999600973888414,auto_ets,8.343222599766108,0.06421896126115868,auto_ets,0.0,0.8289566691378424,128,covid_deaths/D/short,Healthcare,1.0,1,computed_from_history_sidecar,0.0,3.592109348367848,30,0.234375,-1.2141651638309672,10.787810262044271,0.08303529733587264,0.0,182,medium_snr_persistent,1.2930028095313435,11.440079801439195,timesfm_2_5_m128_covid_deaths_short_auto_ets_oral_sidecar_rerun_1783619263,0.0,T23,0.33854582724317667,0.0,0.3333333333333333,0.9733599662589532,0,0.1171875
0.9996531539221315,auto_ets,42.46217642262206,0.016149888380805305,auto_ets,0.1889763779527559,0.49659338203998765,128,covid_deaths/D/short,Healthcare,0.5,1,computed_from_history_sidecar,0.0,38.26581900029268,30,0.234375,-0.5096818396926057,55.35143229166667,0.021052134594586547,0.0,182,medium_snr_persistent,1.3035467551346815,68.32476907219532,timesfm_2_5_m128_covid_deaths_short_auto_ets_oral_sidecar_rerun_1783619263,0.0,T24,0.32304354004770997,0.023622047244094488,0.0,0.774529987199806,0,0.0
0.9861163252590781,auto_ets,0.4,0.8521739130416628,auto_ets,0.015748031496062992,0.4554532267128021,128,covid_deaths/D/short,Healthcare,0.7666666666666667,0,computed_from_history_sidecar,0.9909573793412129,1.3361411543529205e-05,30,0.234375,0.8726500940946997,0.4010199268658956,0.8543468007124791,0.0,182,medium_snr_persistent,1.0025498171622327,0.8947541348796625,timesfm_2_5_m128_covid_deaths_short_auto_ets_oral_sidecar_rerun_1783619263,0.0,T25,0.40395429251278064,0.015748031496062992,0.0,0.4654318290047603,0,0.1640625
0.9974764869579444,auto_ets,3.5215712807548214,0.5268915809372837,auto_ets,0.13385826771653545,1.3186725267844197,128,covid_deaths/D/short,Healthcare,0.9666666666666667,0,computed_from_history_sidecar,0.0,0.6974412522004116,30,0.234375,0.49995073430046943,1.582205581665039,0.23672694198954294,0.0,182,medium_snr_persistent,0.44928966518759667,1.8209129777719935,timesfm_2_5_m128_covid_deaths_short_auto_ets_oral_sidecar_rerun_1783619263,0.0,T26,0.412610481972759,0.031496062992125984,0.0,0.7118720794170295,0,0.1640625
0.0,auto_ets,0.0,0.0,auto_ets,0.0,0.0,128,covid_deaths/D/short,Healthcare,1.0,0,computed_from_history_sidecar,1.0,0.0,30,0.234375,0.0,0.0,0.0,0.0,182,medium_snr_persistent,0.0,0.0,timesfm_2_5_m128_covid_deaths_short_auto_ets_oral_sidecar_rerun_1783619263,0.0,T27,0.0,0.0,1.0,1.0,0,1.0
0.9999091899103577,auto_ets,243.91234957275591,0.5322395461719852,auto_ets,0.07874015748031496,1.2794946417347743,128,covid_deaths/D/short,Healthcare,0.5666666666666667,1,computed_from_history_sidecar,0.2978337798748205,3.964679319695974,30,0.234375,0.6890080575801978,336.27470703125,0.7337828436031802,0.0,182,medium_snr_persistent,1.378670278976351,394.75148965121855,timesfm_2_5_m128_covid_deaths_short_auto_ets_oral_sidecar_rerun_1783619263,0.0,T28,0.4199027573726095,0.0,0.6666666666666666,0.7596452807427944,0,0.1015625
0.9996116926426597,auto_ets,43.33382317601131,0.7380456501996934,auto_ets,0.03937007874015748,0.6508236973222573,128,covid_deaths/D/short,Healthcare,0.23333333333333334,1,computed_from_history_sidecar,0.7969046527075138,0.06467742513527303,30,0.234375,-1.198918494900876,87.93870747884115,1.4977395434352252,0.0,182,medium_snr_persistent,2.0293318482805858,109.45041282513655,timesfm_2_5_m128_covid_deaths_short_auto_ets_oral_sidecar_rerun_1783619263,0.0,T29,0.39071651211571023,0.015748031496062992,0.0,0.9783866823239509,0,0.0390625
0.9618075412018168,auto_ets,1.1,7.186666666619714,auto_ets,0.007874015748031496,0.3643396256675324,128,covid_deaths/D/short,Healthcare,0.16666666666666666,0,computed_from_history_sidecar,0.9936903715134582,4.980551595364703e-06,30,0.234375,3.6660766961651916,1.0999371707439423,7.186256182146805,0.0,182,medium_snr_persistent,0.9999428824935838,1.2778794869153123,timesfm_2_5_m128_covid_deaths_short_auto_ets_oral_sidecar_rerun_1783619263,0.0,T30,0.5320797963975279,0.007874015748031496,0.0,0.3103827137953493,0,0.1171875
0.9999355451410239,auto_ets,387.8943316230012,0.019159446399545844,auto_ets,0.0,0.9861826040894229,128,covid_deaths/D/short,Healthcare,1.0,1,computed_from_history_sidecar,0.09756247248840366,5.333880479864038,30,0.234375,-1.0538319379760441,2751.178645833333,0.13589025542051314,0.0,182,medium_snr_persistent,7.092598219525484,3185.979588545913,timesfm_2_5_m128_covid_deaths_short_auto_ets_oral_sidecar_rerun_1783619263,0.0,T31,0.3270548610259775,0.0,0.3333333333333333,0.9215236886310187,0,0.0078125
0.9881665257317469,auto_ets,0.0,0.0,auto_ets,0.023622047244094488,0.6105579948606836,128,covid_deaths/D/short,Healthcare,1.0,1,computed_from_history_sidecar,0.0,99572450.65144324,30,0.234375,-1.2108843537414966,0.008498183886210124,0.011566972511770258,0.0,182,medium_snr_persistent,8498183886.210124,0.010902725545485662,timesfm_2_5_m128_covid_deaths_short_auto_ets_oral_sidecar_rerun_1783619263,0.0,T32,0.3885782594446745,0.023622047244094488,0.0,0.8665079655742063,0,0.09375
0.9997685706671005,auto_ets,48.08064700245641,0.6511751528801362,auto_ets,0.031496062992125984,0.7509749855990252,128,covid_deaths/D/short,Healthcare,0.5,0,computed_from_history_sidecar,0.3150718652807517,1.180901852312681,30,0.234375,-1.0349539746968817,47.65867513020833,0.6454602214981141,0.0,182,medium_snr_persistent,0.9912236648515251,55.62940069577374,timesfm_2_5_m128_covid_deaths_short_auto_ets_oral_sidecar_rerun_1783619263,0.0,T33,0.3801006143223492,0.007874015748031496,0.0,0.9790005941444523,0,0.0
0.9990539454679357,auto_ets,0.7332922053567366,0.05968657485461323,auto_ets,0.25984251968503935,0.4121583275265737,128,covid_deaths/D/short,Healthcare,0.43333333333333335,1,computed_from_history_sidecar,0.0,0.1107035071191306,30,0.234375,0.11042547433409222,0.8120426177978516,0.06609649214633137,0.0,182,medium_snr_persistent,1.1073929490382306,1.0880996518719386,timesfm_2_5_m128_covid_deaths_short_auto_ets_oral_sidecar_rerun_1783619263,0.0,T34,0.3672548239841685,0.03937007874015748,0.0,0.7285575620609193,0,0.015625
0.9935738378476505,auto_ets,0.00013188536008173674,8.732949518920029e-05,auto_ets,0.03937007874015748,0.45893256485797224,128,covid_deaths/D/short,Healthcare,1.0,1,computed_from_history_sidecar,0.0,29923831.030713663,30,0.234375,0.27996878426309335,0.0032416502634684246,0.002146498147430373,0.0,182,medium_snr_persistent,24.579303092322675,0.00415533520024562,timesfm_2_5_m128_covid_deaths_short_auto_ets_oral_sidecar_rerun_1783619263,0.0,T35,0.3587705629753966,0.03937007874015748,0.0,0.618485571185296,0,0.1171875
0.9770582670152571,auto_ets,0.0,0.0,auto_ets,0.007874015748031496,0.5291502622122408,128,covid_deaths/D/short,Healthcare,1.0,1,computed_from_history_sidecar,0.0,934437.2764975426,30,0.234375,-0.14857142857142858,0.0006711522738138835,0.002349032958340371,0.0,182,medium_snr_persistent,671152273.8138835,0.0008074953180682871,timesfm_2_5_m128_covid_deaths_short_auto_ets_oral_sidecar_rerun_1783619263,0.0,T36,0.3892590691041531,0.007874015748031496,0.0,0.5127266068514138,0,0.21875
0.9972416638968657,auto_ets,2.674195034395524,0.5747173538831251,auto_ets,0.12598425196850394,1.1165006358761982,128,covid_deaths/D/short,Healthcare,0.4666666666666667,1,computed_from_history_sidecar,0.5770336389549292,0.0923678165982367,30,0.234375,0.2175003088950178,4.918225797017415,1.0569871230429893,0.0,182,medium_snr_persistent,1.8391425209295902,6.358242336715443,timesfm_2_5_m128_covid_deaths_short_auto_ets_oral_sidecar_rerun_1783619263,0.0,T37,0.4037130347791487,0.031496062992125984,0.3333333333333333,0.7655459615448647,0,0.0625
0.0,auto_ets,0.0,0.0,auto_ets,0.0,0.0,128,covid_deaths/D/short,Healthcare,1.0,0,computed_from_history_sidecar,1.0,0.0,30,0.234375,0.0,0.0,0.0,0.0,182,medium_snr_persistent,0.0,0.0,timesfm_2_5_m128_covid_deaths_short_auto_ets_oral_sidecar_rerun_1783619263,0.0,T38,0.0,0.0,1.0,1.0,0,1.0
0.9978178186514383,auto_ets,39.96380077731272,0.39144952285623275,auto_ets,0.3543307086614173,0.823996652696338,128,covid_deaths/D/short,Healthcare,0.6,0,computed_from_history_sidecar,0.0,6.816087109301756,30,0.234375,-1.344797292311858,33.075095621744794,0.3239739501180368,0.0,182,medium_snr_persistent,0.827626376331066,37.28411063857627,timesfm_2_5_m128_covid_deaths_short_auto_ets_oral_sidecar_rerun_1783619263,0.0,T39,0.3180623125941445,0.023622047244094488,0.0,0.9678230693711001,0,0.0703125
0.999488045796125,auto_ets,12.524404020447104,0.2817056676621043,auto_ets,0.031496062992125984,0.5632048019346383,128,covid_deaths/D/short,Healthcare,0.13333333333333333,1,computed_from_history_sidecar,0.5772261186081775,0.17528267391034968,30,0.234375,-1.1330734791921355,19.283270263671874,0.4337297419875605,0.0,182,medium_snr_persistent,1.5396557179238894,22.508899430658282,timesfm_2_5_m128_covid_deaths_short_auto_ets_oral_sidecar_rerun_1783619263,0.0,T40,0.3200535118353414,0.023622047244094488,0.0,0.9010080044362166,0,0.03125
0.9995257587390085,auto_ets,3.309035945853835,0.07038973794088754,auto_ets,0.031496062992125984,0.49459916078239036,128,covid_deaths/D/short,Healthcare,0.8666666666666667,1,computed_from_history_sidecar,0.0,4.65834702133778,30,0.234375,-0.9481093057861765,5.116242472330729,0.10883259437560251,0.0,182,medium_snr_persistent,1.5461429117262224,5.822593610384516,timesfm_2_5_m128_covid_deaths_short_auto_ets_oral_sidecar_rerun_1783619263,0.0,T41,0.3468726116171683,0.015748031496062992,0.0,0.9073736242397856,0,0.0
0.9091219567475195,auto_ets,0.0,0.0,auto_ets,0.007874015748031496,0.22176638128613918,128,covid_deaths/D/short,Healthcare,1.0,1,computed_from_history_sidecar,0.0,74164.70371908038,30,0.234375,16.382513661202186,0.0003345648447672526,0.005464559131109205,0.0,182,medium_snr_persistent,334564844.7672526,0.00040436188172964963,timesfm_2_5_m128_covid_deaths_short_auto_ets_oral_sidecar_rerun_1783619263,0.0,T42,0.7300666440753204,0.007874015748031496,0.3333333333333333,0.13404138438122093,0,0.046875
0.0,auto_ets,0.0,0.0,auto_ets,0.0,0.0,128,covid_deaths/D/short,Healthcare,1.0,0,computed_from_history_sidecar,1.0,0.0,30,0.234375,0.0,0.0,0.0,0.0,182,medium_snr_persistent,0.0,0.0,timesfm_2_5_m128_covid_deaths_short_auto_ets_oral_sidecar_rerun_1783619263,0.0,T43,0.0,0.0,1.0,1.0,0,1.0
0.9956074967443574,auto_ets,1.2666654911751545,0.7433126834436664,auto_ets,0.05511811023622047,0.43657665255216027,128,covid_deaths/D/short,Healthcare,0.2,0,computed_from_history_sidecar,0.9565396308901446,0.00038478121791303435,30,0.234375,0.3158393372551611,1.2774366855621337,0.74963350410189,0.0,182,medium_snr_persistent,1.0085035824067312,1.7992473166434049,timesfm_2_5_m128_covid_deaths_short_auto_ets_oral_sidecar_rerun_1783619263,0.0,T44,0.3660243877166924,0.05511811023622047,0.0,0.6524455454395378,0,0.0859375
0.9906231463277156,auto_ets,0.0,0.0,auto_ets,0.015748031496062992,1.3380317535241995,128,covid_deaths/D/short,Healthcare,0.8333333333333334,1,computed_from_history_sidecar,0.0,85392587.53653698,30,0.234375,-1.450425533517333,0.012319020430246989,0.020121066702703885,0.0,182,medium_snr_persistent,12319020430.24699,0.01720695859955785,timesfm_2_5_m128_covid_deaths_short_auto_ets_oral_sidecar_rerun_1783619263,0.0,T45,0.25432100451882445,0.015748031496062992,0.0,0.7222874118924261,0,0.625
0.9892242385053176,auto_ets,0.0,0.0,auto_ets,0.023622047244094488,0.4110143001437578,128,covid_deaths/D/short,Healthcare,1.0,1,computed_from_history_sidecar,0.0,2025288.7867177161,30,0.234375,1.2326107729481501,0.000988149642944336,0.0015371216667999094,0.0,182,medium_snr_persistent,988149642.944336,0.0012371028884194425,timesfm_2_5_m128_covid_deaths_short_auto_ets_oral_sidecar_rerun_1783619263,0.0,T46,0.4233941948965262,0.023622047244094488,0.0,0.4675895582890056,0,0.109375
0.0,auto_ets,0.0,0.0,auto_ets,0.0,0.0,128,covid_deaths/D/short,Healthcare,1.0,0,computed_from_history_sidecar,1.0,0.0,30,0.234375,0.0,0.0,0.0,0.0,182,medium_snr_persistent,0.0,0.0,timesfm_2_5_m128_covid_deaths_short_auto_ets_oral_sidecar_rerun_1783619263,0.0,T47,0.0,0.0,1.0,1.0,0,1.0
0.9991350335572889,auto_ets,0.7660486805981246,0.040038811039259894,auto_ets,0.25196850393700787,0.6749087965092857,128,covid_deaths/D/short,Healthcare,0.7666666666666667,1,computed_from_history_sidecar,0.0,2.4437982526405975,30,0.234375,-1.4957766286770795,1.1764049530029297,0.06148676554361659,0.0,182,medium_snr_persistent,1.5356791060365336,1.2751377800333534,timesfm_2_5_m128_covid_deaths_short_auto_ets_oral_sidecar_rerun_1783619263,0.0,T48,0.2319027750055174,0.031496062992125984,0.0,0.8473546297739925,0,0.171875
0.9997836995622071,auto_ets,25.006037491723326,0.03071301759855725,auto_ets,0.015748031496062992,0.6474146214353316,128,covid_deaths/D/short,Healthcare,0.9666666666666667,0,computed_from_history_sidecar,0.0,53.65038373597485,30,0.234375,-1.4467681951813647,17.946077473958333,0.022041804642786246,0.0,182,medium_snr_persistent,0.717669781943562,19.350099920804226,timesfm_2_5_m128_covid_deaths_short_auto_ets_oral_sidecar_rerun_1783619263,0.0,T49,0.2664153820854557,0.015748031496062992,0.3333333333333333,0.925566484384886,0,0.0078125
0.009615384615384607,auto_ets,0.005467353357088252,0.5358006289421402,auto_ets,0.015748031496062992,11.269427668142157,128,covid_deaths/D/short,Healthcare,1.0,0,computed_from_history_sidecar,0.0,3159.180029704339,30,0.234375,123.00787401574803,0.00015249325272937616,0.01494433876601432,0.0,182,medium_snr_persistent,0.027891603622762343,0.00016440512275867612,timesfm_2_5_m128_covid_deaths_short_auto_ets_oral_sidecar_rerun_1783619263,0.0,T50,0.9999999999846075,0.015748031496062992,0.3333333333333333,0.00946006555954626,0,0.9921875
0.9998075962478978,auto_ets,23.58682546783751,0.014081429494727933,auto_ets,0.007874015748031496,0.70429466435113,128,covid_deaths/D/short,Healthcare,1.0,1,computed_from_history_sidecar,0.0,59.09506406103222,30,0.234375,-1.5719074765440255,39.95226236979167,0.02385166102501679,0.0,182,medium_snr_persistent,1.6938380463393867,48.841774853085,timesfm_2_5_m128_covid_deaths_short_auto_ets_oral_sidecar_rerun_1783619263,0.0,T51,0.24853979152388692,0.007874015748031496,0.0,0.9445811818087521,0,0.0234375
0.9968690467392738,auto_ets,2.5589834533433335,0.6687476758068831,auto_ets,0.09448818897637795,0.6085443973956356,128,covid_deaths/D/short,Healthcare,0.13333333333333333,1,computed_from_history_sidecar,0.7038328988223765,0.02145484624922563,30,0.234375,-1.304910203935183,3.0772346178690593,0.8041839801362374,0.0,182,medium_snr_persistent,1.202522280418587,3.4862921915062364,timesfm_2_5_m128_covid_deaths_short_auto_ets_oral_sidecar_rerun_1783619263,0.0,T52,0.35485904765332515,0.023622047244094488,0.0,0.9687687563587987,0,0.109375
0.0,auto_ets,0.0,0.0,auto_ets,0.0,0.0,128,covid_deaths/D/short,Healthcare,1.0,0,computed_from_history_sidecar,1.0,0.0,30,0.234375,0.0,0.0,0.0,0.0,182,medium_snr_persistent,0.0,0.0,timesfm_2_5_m128_covid_deaths_short_auto_ets_oral_sidecar_rerun_1783619263,0.0,T53,0.0,0.0,1.0,1.0,0,1.0
0.997980898830427,auto_ets,2.725732849076321,0.18308555120593661,auto_ets,0.14960629921259844,1.5724573645146114,128,covid_deaths/D/short,Healthcare,0.6,0,computed_from_history_sidecar,0.0,1.2568489695985572,30,0.234375,-0.35564050001410585,2.404911931355794,0.16153623665034406,0.0,182,medium_snr_persistent,0.8822992070444001,2.542852648191166,timesfm_2_5_m128_covid_deaths_short_auto_ets_oral_sidecar_rerun_1783619263,0.0,T54,0.3266669293559883,0.031496062992125984,0.0,0.6580630145298574,0,0.53125
0.99890585495388,auto_ets,0.4984210752272356,0.021903706444962756,auto_ets,0.23622047244094488,0.8361892559079999,128,covid_deaths/D/short,Healthcare,1.0,1,computed_from_history_sidecar,0.0,3.535317177474582,30,0.234375,-1.8093479896437388,0.7309786478678385,0.03212372533230719,0.0,182,medium_snr_persistent,1.4665885617559626,0.9369378768102883,timesfm_2_5_m128_covid_deaths_short_auto_ets_oral_sidecar_rerun_1783619263,0.0,T55,0.19147796584808163,0.023622047244094488,0.3333333333333333,0.8723058377432928,0,0.3359375
0.9991721667091411,auto_ets,1338.5070628705107,0.6789669152638254,auto_ets,0.14173228346456693,1.2737850613420996,128,covid_deaths/D/short,Healthcare,1.0,0,computed_from_history_sidecar,0.06348057096589377,12.382551971846247,30,0.234375,-0.3458613217651094,905.9506510416667,0.4595496997975284,0.0,182,medium_snr_persistent,0.6768366609129421,1181.9150162134188,timesfm_2_5_m128_covid_deaths_short_auto_ets_oral_sidecar_rerun_1783619263,0.0,T56,0.35971866752765436,0.015748031496062992,0.3333333333333333,0.7821688572624299,0,0.046875
0.0,auto_ets,0.0,0.0,auto_ets,0.0,0.0,128,covid_deaths/D/short,Healthcare,1.0,0,computed_from_history_sidecar,1.0,0.0,30,0.234375,0.0,0.0,0.0,0.0,182,medium_snr_persistent,0.0,0.0,timesfm_2_5_m128_covid_deaths_short_auto_ets_oral_sidecar_rerun_1783619263,0.0,T57,0.0,0.0,1.0,1.0,0,0.0
0.9820365832569887,auto_ets,0.0672832830999892,0.2197920581259134,auto_ets,0.007874015748031496,0.05375730592848746,128,covid_deaths/D/short,Healthcare,0.9666666666666667,0,computed_from_history_sidecar,0.0,1942672.174182797,30,0.234375,-1.4067844126717128,0.0016262372334798177,0.005312374962683384,0.0,182,medium_snr_persistent,0.02417000417531511,0.0019808341971148677,timesfm_2_5_m128_covid_deaths_short_auto_ets_oral_sidecar_rerun_1783619263,0.0,T58,0.3033362598806273,0.007874015748031496,0.0,0.6531770737976011,0,0.0
0.0,auto_ets,0.0,0.0,auto_ets,0.0,0.0,128,covid_deaths/D/short,Healthcare,1.0,0,computed_from_history_sidecar,1.0,0.0,30,0.234375,0.0,0.0,0.0,0.0,182,medium_snr_persistent,0.0,0.0,timesfm_2_5_m128_covid_deaths_short_auto_ets_oral_sidecar_rerun_1783619263,0.0,T59,0.0,0.0,1.0,1.0,0,0.0
0.0,auto_ets,0.0,0.0,auto_ets,0.0,0.0,128,covid_deaths/D/short,Healthcare,1.0,0,computed_from_history_sidecar,1.0,0.0,30,0.234375,0.0,0.0,0.0,0.0,182,medium_snr_persistent,0.0,0.0,timesfm_2_5_m128_covid_deaths_short_auto_ets_oral_sidecar_rerun_1783619263,0.0,T60,0.0,0.0,1.0,1.0,0,0.0
0.0,auto_ets,0.0,0.0,auto_ets,0.0,0.0,128,covid_deaths/D/short,Healthcare,1.0,0,computed_from_history_sidecar,1.0,0.0,30,0.234375,0.0,0.0,0.0,0.0,182,medium_snr_persistent,0.0,0.0,timesfm_2_5_m128_covid_deaths_short_auto_ets_oral_sidecar_rerun_1783619263,0.0,T61,0.0,0.0,1.0,1.0,0,0.0
0.0,auto_ets,1.4210854715202005e-15,0.0014210854715202004,auto_ets,0.0,0.0,128,covid_deaths/D/short,Healthcare,1.0,0,computed_from_history_sidecar,1.0,0.0,30,0.234375,0.0,0.0,0.0,0.0,182,medium_snr_persistent,0.0,0.0,timesfm_2_5_m128_covid_deaths_short_auto_ets_oral_sidecar_rerun_1783619263,0.0,T62,0.0,0.0,1.0,1.0,0,0.0
0.0,auto_ets,0.0,0.0,auto_ets,0.0,0.0,128,covid_deaths/D/short,Healthcare,1.0,0,computed_from_history_sidecar,1.0,0.0,30,0.234375,0.0,0.0,0.0,0.0,182,medium_snr_persistent,0.0,0.0,timesfm_2_5_m128_covid_deaths_short_auto_ets_oral_sidecar_rerun_1783619263,0.0,T63,0.0,0.0,1.0,1.0,0,0.0
0.0,auto_ets,0.00611402826640474,6114028266.40474,auto_ets,0.0,0.0,128,covid_deaths/D/short,Healthcare,1.0,0,computed_from_history_sidecar,1.0,0.0,30,0.234375,0.0,0.0,0.0,0.0,182,medium_snr_persistent,0.0,0.0,timesfm_2_5_m128_covid_deaths_short_auto_ets_oral_sidecar_rerun_1783619263,0.0,T64,0.0,0.0,1.0,1.0,0,0.0
0.0,auto_ets,0.015645955721346992,15645955721.346992,auto_ets,0.0,0.0,128,covid_deaths/D/short,Healthcare,1.0,0,computed_from_history_sidecar,1.0,0.0,30,0.234375,0.0,0.0,0.0,0.0,182,medium_snr_persistent,0.0,0.0,timesfm_2_5_m128_covid_deaths_short_auto_ets_oral_sidecar_rerun_1783619263,0.0,T65,0.0,0.0,1.0,1.0,0,0.0
0.0,auto_ets,0.0,0.0,auto_ets,0.0,0.0,128,covid_deaths/D/short,Healthcare,1.0,0,computed_from_history_sidecar,1.0,0.0,30,0.234375,0.0,0.0,0.0,0.0,182,medium_snr_persistent,0.0,0.0,timesfm_2_5_m128_covid_deaths_short_auto_ets_oral_sidecar_rerun_1783619263,0.0,T66,0.0,0.0,1.0,1.0,0,0.0
0.0,auto_ets,0.0,0.0,auto_ets,0.0,0.0,128,covid_deaths/D/short,Healthcare,1.0,0,computed_from_history_sidecar,1.0,0.0,30,0.234375,0.0,0.0,0.0,0.0,182,medium_snr_persistent,0.0,0.0,timesfm_2_5_m128_covid_deaths_short_auto_ets_oral_sidecar_rerun_1783619263,0.0,T67,0.0,0.0,1.0,1.0,0,0.0
0.0,auto_ets,6.631732200427602e-15,0.006631732200427602,auto_ets,0.0,0.0,128,covid_deaths/D/short,Healthcare,1.0,0,computed_from_history_sidecar,1.0,0.0,30,0.234375,0.0,0.0,0.0,0.0,182,medium_snr_persistent,0.0,0.0,timesfm_2_5_m128_covid_deaths_short_auto_ets_oral_sidecar_rerun_1783619263,0.0,T68,0.0,0.0,1.0,1.0,0,0.0
0.9894775914907411,auto_ets,21.901892296815458,18.036852479715524,auto_ets,0.06299212598425197,0.398301688804634,128,covid_deaths/D/short,Healthcare,0.16666666666666666,1,computed_from_history_sidecar,0.8353860495521203,0.02255818932406711,30,0.234375,5.982319282928959,35.76737462679545,29.455484986748466,0.0,182,medium_snr_persistent,1.6330723456253324,42.94955900916468,timesfm_2_5_m128_covid_deaths_short_auto_ets_oral_sidecar_rerun_1783619263,0.0,T69,0.5692872736084726,0.015748031496062992,0.3333333333333333,0.46382152826711065,0,0.0
0.9803587684519431,auto_ets,29.471630278458726,0.07227415462912136,auto_ets,0.2125984251968504,0.13779777314083108,128,covid_deaths/D/short,Healthcare,1.0,0,computed_from_history_sidecar,0.0,4705483468335.816,30,0.234375,-0.6533253285222935,2.054915364583333,0.005039330006735552,0.0,182,medium_snr_persistent,0.06972520166572642,2.5829761524820105,timesfm_2_5_m128_covid_deaths_short_auto_ets_oral_sidecar_rerun_1783619263,0.0,T70,0.36053007895164135,0.007874015748031496,0.0,0.5676337875569161,0,0.0
0.0,auto_ets,0.0,0.0,auto_ets,0.0,0.0,128,covid_deaths/D/short,Healthcare,1.0,0,computed_from_history_sidecar,1.0,0.0,30,0.234375,0.0,0.0,0.0,0.0,182,medium_snr_persistent,0.0,0.0,timesfm_2_5_m128_covid_deaths_short_auto_ets_oral_sidecar_rerun_1783619263,0.0,T71,0.0,0.0,1.0,1.0,0,0.0
0.0,auto_ets,0.0,0.0,auto_ets,0.0,0.0,128,covid_deaths/D/short,Healthcare,1.0,0,computed_from_history_sidecar,1.0,0.0,30,0.234375,0.0,0.0,0.0,0.0,182,medium_snr_persistent,0.0,0.0,timesfm_2_5_m128_covid_deaths_short_auto_ets_oral_sidecar_rerun_1783619263,0.0,T72,0.0,0.0,1.0,1.0,0,0.0
0.0,auto_ets,0.0,0.0,auto_ets,0.0,0.0,128,covid_deaths/D/short,Healthcare,1.0,0,computed_from_history_sidecar,1.0,0.0,30,0.234375,0.0,0.0,0.0,0.0,182,medium_snr_persistent,0.0,0.0,timesfm_2_5_m128_covid_deaths_short_auto_ets_oral_sidecar_rerun_1783619263,0.0,T73,0.0,0.0,1.0,1.0,0,1.0
0.0,auto_ets,0.0,0.0,auto_ets,0.0,0.0,128,covid_deaths/D/short,Healthcare,1.0,0,computed_from_history_sidecar,1.0,0.0,30,0.234375,0.0,0.0,0.0,0.0,182,medium_snr_persistent,0.0,0.0,timesfm_2_5_m128_covid_deaths_short_auto_ets_oral_sidecar_rerun_1783619263,0.0,T74,0.0,0.0,1.0,1.0,0,0.0
0.9843403184320066,auto_ets,0.0,0.0,auto_ets,0.007874015748031496,0.3278443529931101,128,covid_deaths/D/short,Healthcare,0.7666666666666667,1,computed_from_history_sidecar,0.0,8074700.2803277215,30,0.234375,-1.9911915830682652,0.003850110371907552,0.012577027214856918,0.0,182,medium_snr_persistent,3850110371.9075522,0.004318922475905179,timesfm_2_5_m128_covid_deaths_short_auto_ets_oral_sidecar_rerun_1783619263,0.0,T75,0.22535427933350788,0.007874015748031496,0.0,0.748397729354607,0,0.0
0.8625262969343179,auto_ets,0.0,0.0,auto_ets,0.007874015748031496,0.08837721210836814,128,covid_deaths/D/short,Healthcare,1.0,1,computed_from_history_sidecar,0.0,32747.528178135693,30,0.234375,27.032258064516128,0.00022788445154825848,0.0055831690627955455,0.0,182,medium_snr_persistent,227884451.54825848,0.00027291107393823637,timesfm_2_5_m128_covid_deaths_short_auto_ets_oral_sidecar_rerun_1783619263,0.0,T76,0.8094231185641106,0.007874015748031496,0.3333333333333333,0.09082585610034866,0,0.0
0.0,auto_ets,0.0,0.0,auto_ets,0.0,0.0,128,covid_deaths/D/short,Healthcare,1.0,0,computed_from_history_sidecar,1.0,0.0,30,0.234375,0.0,0.0,0.0,0.0,182,medium_snr_persistent,0.0,0.0,timesfm_2_5_m128_covid_deaths_short_auto_ets_oral_sidecar_rerun_1783619263,0.0,T77,0.0,0.0,1.0,1.0,0,1.0
0.0,auto_ets,0.0,0.0,auto_ets,0.0,0.0,128,covid_deaths/D/short,Healthcare,1.0,0,computed_from_history_sidecar,1.0,0.0,30,0.234375,0.0,0.0,0.0,0.0,182,medium_snr_persistent,0.0,0.0,timesfm_2_5_m128_covid_deaths_short_auto_ets_oral_sidecar_rerun_1783619263,0.0,T78,0.0,0.0,1.0,1.0,0,1.0
0.0,auto_ets,0.0,0.0,auto_ets,0.0,0.0,128,covid_deaths/D/short,Healthcare,1.0,0,computed_from_history_sidecar,1.0,0.0,30,0.234375,0.0,0.0,0.0,0.0,182,medium_snr_persistent,0.0,0.0,timesfm_2_5_m128_covid_deaths_short_auto_ets_oral_sidecar_rerun_1783619263,0.0,T79,0.0,0.0,1.0,1.0,0,1.0
0.0,auto_ets,0.0,0.0,auto_ets,0.007874015748031496,0.029424093132064955,128,covid_deaths/D/short,Healthcare,1.0,1,computed_from_history_sidecar,0.0,4028.413202963807,30,0.234375,123.00787401574803,7.120768229166667e-05,0.006978352863899456,0.0,182,medium_snr_persistent,71207682.29166667,8.186443690535995e-05,timesfm_2_5_m128_covid_deaths_short_auto_ets_oral_sidecar_rerun_1783619263,0.0,T80,0.9999999999846073,0.007874015748031496,0.3333333333333333,0.023255814079496284,0,0.0
0.0,auto_ets,1.3903595877569804e-07,139035.95877569803,auto_ets,0.0,0.0,128,covid_deaths/D/short,Healthcare,1.0,0,computed_from_history_sidecar,1.0,0.0,30,0.234375,0.0,0.0,0.0,0.0,182,medium_snr_persistent,0.0,0.0,timesfm_2_5_m128_covid_deaths_short_auto_ets_oral_sidecar_rerun_1783619263,0.0,T81,0.0,0.0,1.0,1.0,0,0.0
0.9861528876932836,auto_ets,0.0421117217630212,0.07642497653275164,auto_ets,0.031496062992125984,0.15624687921796848,128,covid_deaths/D/short,Healthcare,1.0,0,computed_from_history_sidecar,0.0,5374523.403246946,30,0.234375,5.145633890936615,0.0018424669901529948,0.003343736389530849,0.0,182,medium_snr_persistent,0.043751879832354304,0.0022610307858244648,timesfm_2_5_m128_covid_deaths_short_auto_ets_oral_sidecar_rerun_1783619263,0.0,T82,0.5344569565256145,0.031496062992125984,0.0,0.3821464952635262,0,0.0
0.0,auto_ets,0.0,0.0,auto_ets,0.0,0.0,128,covid_deaths/D/short,Healthcare,1.0,0,computed_from_history_sidecar,1.0,0.0,30,0.234375,0.0,0.0,0.0,0.0,182,medium_snr_persistent,0.0,0.0,timesfm_2_5_m128_covid_deaths_short_auto_ets_oral_sidecar_rerun_1783619263,0.0,T83,0.0,0.0,1.0,1.0,0,1.0
0.0,auto_ets,0.004544517272045198,4544517272.0451975,auto_ets,0.0,0.0,128,covid_deaths/D/short,Healthcare,1.0,0,computed_from_history_sidecar,1.0,0.0,30,0.234375,0.0,0.0,0.0,0.0,182,medium_snr_persistent,0.0,0.0,timesfm_2_5_m128_covid_deaths_short_auto_ets_oral_sidecar_rerun_1783619263,0.0,T84,0.0,0.0,1.0,1.0,0,0.0
0.0,auto_ets,0.0,0.0,auto_ets,0.0,0.0,128,covid_deaths/D/short,Healthcare,1.0,0,computed_from_history_sidecar,1.0,0.0,30,0.234375,0.0,0.0,0.0,0.0,182,medium_snr_persistent,0.0,0.0,timesfm_2_5_m128_covid_deaths_short_auto_ets_oral_sidecar_rerun_1783619263,0.0,T85,0.0,0.0,1.0,1.0,0,0.0
0.0,auto_ets,0.0,0.0,auto_ets,0.0,0.0,128,covid_deaths/D/short,Healthcare,1.0,0,computed_from_history_sidecar,1.0,0.0,30,0.234375,0.0,0.0,0.0,0.0,182,medium_snr_persistent,0.0,0.0,timesfm_2_5_m128_covid_deaths_short_auto_ets_oral_sidecar_rerun_1783619263,0.0,T86,0.0,0.0,1.0,1.0,0,1.0
0.0,auto_ets,0.022474066721879786,22474066721.879787,auto_ets,0.0,0.0,128,covid_deaths/D/short,Healthcare,1.0,0,computed_from_history_sidecar,1.0,0.0,30,0.234375,0.0,0.0,0.0,0.0,182,medium_snr_persistent,0.0,0.0,timesfm_2_5_m128_covid_deaths_short_auto_ets_oral_sidecar_rerun_1783619263,0.0,T87,0.0,0.0,1.0,1.0,0,0.0
0.0,auto_ets,0.0,0.0,auto_ets,0.0,0.0,128,covid_deaths/D/short,Healthcare,1.0,0,computed_from_history_sidecar,1.0,0.0,30,0.234375,0.0,0.0,0.0,0.0,182,medium_snr_persistent,0.0,0.0,timesfm_2_5_m128_covid_deaths_short_auto_ets_oral_sidecar_rerun_1783619263,0.0,T88,0.0,0.0,1.0,1.0,0,0.0
0.0,auto_ets,0.0,0.0,auto_ets,0.0,0.0,128,covid_deaths/D/short,Healthcare,1.0,0,computed_from_history_sidecar,1.0,0.0,30,0.234375,0.0,0.0,0.0,0.0,182,medium_snr_persistent,0.0,0.0,timesfm_2_5_m128_covid_deaths_short_auto_ets_oral_sidecar_rerun_1783619263,0.0,T89,0.0,0.0,1.0,1.0,0,0.0
0.999946028851348,auto_ets,1362.117497571277,1.003175250907339,auto_ets,0.1968503937007874,1.2721796439748436,128,covid_deaths/D/short,Healthcare,0.8,0,computed_from_history_sidecar,0.17769613276816398,21.895334700081023,30,0.234375,1.1392553386775361,1017.0209309895833,0.7490177825647548,0.0,182,medium_snr_persistent,0.7466469910290275,1124.201066407148,timesfm_2_5_m128_covid_deaths_short_auto_ets_oral_sidecar_rerun_1783619263,0.0,T90,0.4469801087086343,0.0,0.0,0.7415627945815981,0,0.046875
0.9945737567436143,auto_ets,0.0007096622994297992,0.00033436012184657473,auto_ets,0.03937007874015748,1.2037239927538583,128,covid_deaths/D/short,Healthcare,1.0,1,computed_from_history_sidecar,0.0,2527363054.697604,30,0.234375,-0.9082579260658981,0.0360437552134196,0.016982153898622385,0.0,182,medium_snr_persistent,50.79000982804087,0.041446051321642516,timesfm_2_5_m128_covid_deaths_short_auto_ets_oral_sidecar_rerun_1783619263,0.0,T91,0.3025342779560085,0.03937007874015748,0.0,0.7955129400457026,0,0.3984375
0.9971548704401395,auto_ets,3.015175793140193,0.23638978218217258,auto_ets,0.16535433070866143,0.8490417196005673,128,covid_deaths/D/short,Healthcare,0.9,1,computed_from_history_sidecar,0.45273010819105364,0.018810300768928683,30,0.234375,-0.882753793571788,3.5516634623209637,0.27845041544594173,0.0,182,medium_snr_persistent,1.1779291510631495,6.388588997152895,timesfm_2_5_m128_covid_deaths_short_auto_ets_oral_sidecar_rerun_1783619263,0.0,T92,0.3700959486574429,0.023622047244094488,0.3333333333333333,0.9311513853715294,0,0.1328125
0.9994691921238266,auto_ets,8.440068361099497,0.1655246546703491,auto_ets,0.03937007874015748,0.8481728866099181,128,covid_deaths/D/short,Healthcare,0.9,1,computed_from_history_sidecar,0.08393432617240637,0.64413989091232,30,0.234375,-0.9527770960991413,8.966152445475261,0.175842093187224,0.0,182,medium_snr_persistent,1.062331732619541,10.026915653266952,timesfm_2_5_m128_covid_deaths_short_auto_ets_oral_sidecar_rerun_1783619263,0.0,T93,0.3516412385894046,0.015748031496062992,0.0,0.9226038816496319,0,0.0390625
0.9977841363013435,auto_ets,71.81713722754766,9.011625413954913,auto_ets,0.25196850393700787,1.084018545139412,128,covid_deaths/D/short,Healthcare,0.03333333333333333,1,computed_from_history_sidecar,0.9276859196087867,0.09100229575654917,30,0.234375,7.391789923567973,129.56980565388997,16.258439121740874,0.0,182,medium_snr_persistent,1.8041627758477083,152.04524674034226,timesfm_2_5_m128_covid_deaths_short_auto_ets_oral_sidecar_rerun_1783619263,0.0,T94,0.6392354138300753,0.023622047244094488,0.0,0.5911916425120716,0,0.0234375
0.9993960459091576,auto_ets,8.537005307652631,0.3763502114934417,auto_ets,0.41732283464566927,0.8667955267897445,128,covid_deaths/D/short,Healthcare,0.9,1,computed_from_history_sidecar,0.0,2.0254370179612717,30,0.234375,-0.7592801513444756,12.664407348632812,0.5583049573396135,0.0,182,medium_snr_persistent,1.4834718841370365,14.613150140167024,timesfm_2_5_m128_covid_deaths_short_auto_ets_oral_sidecar_rerun_1783619263,0.0,T95,0.38258147815987564,0.031496062992125984,0.0,0.9384182622699628,0,0.1015625
0.9994767443149113,auto_ets,17.8338557211081,0.5576636441188703,auto_ets,0.007874015748031496,0.5551676230645419,128,covid_deaths/D/short,Healthcare,0.06666666666666667,1,computed_from_history_sidecar,0.6771763646327578,0.14193752771201198,30,0.234375,-1.0889899755775776,22.610401662190757,0.7070259613575701,0.0,182,medium_snr_persistent,1.267835851976075,24.942242743286005,timesfm_2_5_m128_covid_deaths_short_auto_ets_oral_sidecar_rerun_1783619263,0.0,T96,0.3284867599675111,0.023622047244094488,0.0,0.879344906024979,0,0.0234375
0.9994516844798895,auto_ets,0.38718110496499775,0.015889341828546157,auto_ets,0.3543307086614173,0.546994170591902,128,covid_deaths/D/short,Healthcare,0.9666666666666667,1,computed_from_history_sidecar,0.0,1.1384721283451318,30,0.234375,-1.0071050002319797,1.7551984151204427,0.07203075572939545,0.0,182,medium_snr_persistent,4.533274978061195,2.3126013116738826,timesfm_2_5_m128_covid_deaths_short_auto_ets_oral_sidecar_rerun_1783619263,0.0,T97,0.29188444640038147,0.007874015748031496,0.3333333333333333,0.8071585592380761,0,0.015625
0.9964347345961119,auto_ets,0.32342217092908015,0.08190018798718819,auto_ets,0.14960629921259844,0.373274658264906,128,covid_deaths/D/short,Healthcare,0.6666666666666666,1,computed_from_history_sidecar,0.0,0.1639032007024213,30,0.234375,0.9845132597282253,0.35170764923095704,0.08906291892667974,0.0,182,medium_snr_persistent,1.0874568314829347,0.5661506893636189,timesfm_2_5_m128_covid_deaths_short_auto_ets_oral_sidecar_rerun_1783619263,0.0,T98,0.447096462818513,0.031496062992125984,0.0,0.7781691709643328,0,0.046875
0.999680254712667,auto_ets,14.169819885123621,0.15271553378885955,auto_ets,0.015748031496062992,0.4940576282796718,128,covid_deaths/D/short,Healthcare,0.23333333333333334,1,computed_from_history_sidecar,0.34317199707069346,0.5955302428733726,30,0.234375,-0.5427361694918096,20.282539876302085,0.2185955029008669,0.0,182,medium_snr_persistent,1.431390098161696,22.299385077815913,timesfm_2_5_m128_covid_deaths_short_auto_ets_oral_sidecar_rerun_1783619263,0.0,T99,0.35027764733832284,0.015748031496062992,0.0,0.8470733654840562,0,0.046875
0.0,auto_ets,0.0,0.0,auto_ets,0.0,0.0,128,covid_deaths/D/short,Healthcare,1.0,0,computed_from_history_sidecar,1.0,0.0,30,0.234375,0.0,0.0,0.0,0.0,182,medium_snr_persistent,0.0,0.0,timesfm_2_5_m128_covid_deaths_short_auto_ets_oral_sidecar_rerun_1783619263,0.0,T100,0.0,0.0,1.0,1.0,0,1.0
0.0,auto_ets,0.0,0.0,auto_ets,0.0,0.0,128,covid_deaths/D/short,Healthcare,1.0,0,computed_from_history_sidecar,1.0,0.0,30,0.234375,0.0,0.0,0.0,0.0,182,medium_snr_persistent,0.0,0.0,timesfm_2_5_m128_covid_deaths_short_auto_ets_oral_sidecar_rerun_1783619263,0.0,T101,0.0,0.0,1.0,1.0,0,1.0
0.9997559790470277,auto_ets,3.676340518661808,0.024401041031415837,auto_ets,0.023622047244094488,0.4521139191205292,128,covid_deaths/D/short,Healthcare,0.5333333333333333,1,computed_from_history_sidecar,0.0,8.828361611588221,30,0.234375,-0.2930464276748066,5.030049641927083,0.03338603893727402,0.0,182,medium_snr_persistent,1.3682219088227057,5.946821530177394,timesfm_2_5_m128_covid_deaths_short_auto_ets_oral_sidecar_rerun_1783619263,0.0,T102,0.3539506789401617,0.007874015748031496,0.0,0.8009365696570427,0,0.0
0.9878777777823045,auto_ets,0.009645447853311022,0.009846394683578284,auto_ets,0.03937007874015748,0.1265786064228231,128,covid_deaths/D/short,Healthcare,1.0,0,computed_from_history_sidecar,0.0,11497947.364505274,30,0.234375,3.7653594552521916,0.0020522435506184896,0.0020949986245875694,0.0,182,medium_snr_persistent,0.21276809346921527,0.0025021232765238674,timesfm_2_5_m128_covid_deaths_short_auto_ets_oral_sidecar_rerun_1783619263,0.0,T103,0.5084095442849302,0.03937007874015748,0.3333333333333333,0.49154646285231696,0,0.0
0.999148369278721,auto_ets,1.6168313614934642,0.09762752521648178,auto_ets,0.2283464566929134,1.0804527719106463,128,covid_deaths/D/short,Healthcare,0.0,1,computed_from_history_sidecar,0.0,2.0813286252282976,30,0.234375,-1.4397560138968268,2.9905925750732423,0.18057798666491687,0.0,182,medium_snr_persistent,1.8496626465168189,3.0513119609066455,timesfm_2_5_m128_covid_deaths_short_auto_ets_oral_sidecar_rerun_1783619263,0.0,T104,0.2496172103907472,0.015748031496062992,0.0,0.8642906866791935,0,0.1953125
0.0,auto_ets,0.0,0.0,auto_ets,0.0,0.0,128,covid_deaths/D/short,Healthcare,1.0,0,computed_from_history_sidecar,1.0,0.0,30,0.234375,0.0,0.0,0.0,0.0,182,medium_snr_persistent,0.0,0.0,timesfm_2_5_m128_covid_deaths_short_auto_ets_oral_sidecar_rerun_1783619263,0.0,T105,0.0,0.0,1.0,1.0,0,1.0
0.999814036209215,auto_ets,70.82123476213626,0.3018913008564299,auto_ets,0.015748031496062992,0.6546137915032892,128,covid_deaths/D/short,Healthcare,0.6,1,computed_from_history_sidecar,0.292433837890666,1.4967199013440937,30,0.234375,-0.9475492602018982,89.40122884114584,0.38109266752641385,0.0,182,medium_snr_persistent,1.2623506091275027,113.88039863077951,timesfm_2_5_m128_covid_deaths_short_auto_ets_oral_sidecar_rerun_1783619263,0.0,T106,0.41249781898178267,0.015748031496062992,0.0,0.9891162947163494,0,0.0078125
0.9994999776648452,auto_ets,116.50944376978535,0.08112548662421813,auto_ets,0.05511811023622047,0.7600806098396552,128,covid_deaths/D/short,Healthcare,0.9333333333333333,0,computed_from_history_sidecar,0.0,3.6738338539894837,30,0.234375,-1.5400882994582834,60.71748046875,0.04227756128813659,0.0,182,medium_snr_persistent,0.5211378451752207,76.86760263864318,timesfm_2_5_m128_covid_deaths_short_auto_ets_oral_sidecar_rerun_1783619263,0.0,T107,0.2970579378637355,0.023622047244094488,0.0,0.9708811553271942,0,0.0
0.9999162680887291,auto_ets,400.6952038765975,0.3897387720699371,auto_ets,0.0,1.0690752032656299,128,covid_deaths/D/short,Healthcare,0.8333333333333334,0,computed_from_history_sidecar,0.0,11.54674119763827,30,0.234375,-0.28264471178004014,301.43206380208335,0.29318983923978104,0.0,182,medium_snr_persistent,0.7522727022580359,357.35092244000066,timesfm_2_5_m128_covid_deaths_short_auto_ets_oral_sidecar_rerun_1783619263,0.0,T108,0.38184351953125645,0.0,0.0,0.8383921010637889,0,0.0
0.999828304196843,auto_ets,4.7452822502740695,0.06984644946333013,auto_ets,0.18110236220472442,1.3216483852714225,128,covid_deaths/D/short,Healthcare,1.0,1,computed_from_history_sidecar,0.24655559002715466,2.8574250575718274,30,0.234375,1.0743114134150975,45.47954813639323,0.6694196030889863,0.0,182,medium_snr_persistent,9.584160801764092,53.01942891945878,timesfm_2_5_m128_covid_deaths_short_auto_ets_oral_sidecar_rerun_1783619263,0.0,T109,0.4395928038305137,0.007874015748031496,0.0,0.7212828422789727,0,0.1171875
0.9910837937584512,auto_ets,22.4,1.6382089552237606,auto_ets,0.07874015748031496,1.2114573314727959,128,covid_deaths/D/short,Healthcare,0.3,0,computed_from_history_sidecar,0.6494441032412845,0.006895859134302129,30,0.234375,-0.46161131907468755,20.722651799519856,1.515537221158804,0.0,182,medium_snr_persistent,0.9251183839070952,24.443470942999586,timesfm_2_5_m128_covid_deaths_short_auto_ets_oral_sidecar_rerun_1783619263,0.0,T110,0.35142011947453733,0.015748031496062992,0.0,0.7957546045372228,0,0.2890625
0.0,auto_ets,0.0,0.0,auto_ets,0.0,0.0,128,covid_deaths/D/short,Healthcare,1.0,0,computed_from_history_sidecar,1.0,0.0,30,0.234375,0.0,0.0,0.0,0.0,182,medium_snr_persistent,0.0,0.0,timesfm_2_5_m128_covid_deaths_short_auto_ets_oral_sidecar_rerun_1783619263,0.0,T111,0.0,0.0,1.0,1.0,0,1.0
0.999158881620379,auto_ets,3.801272200132675,0.2092835256252706,auto_ets,0.2992125984251969,0.487146774750177,128,covid_deaths/D/short,Healthcare,0.36666666666666664,0,computed_from_history_sidecar,0.5218950907412432,0.013878748197691013,30,0.234375,-0.39887309501609236,3.773340861002604,0.20774573279676117,0.0,182,medium_snr_persistent,0.9926521075943763,4.671984216545152,timesfm_2_5_m128_covid_deaths_short_auto_ets_oral_sidecar_rerun_1783619263,0.0,T112,0.32997763892953297,0.031496062992125984,0.0,0.7869620569728177,0,0.0703125
0.9968386979825421,auto_ets,18.572835055158997,4.108663285339005,auto_ets,0.13385826771653545,1.3728524893845786,128,covid_deaths/D/short,Healthcare,0.1,1,computed_from_history_sidecar,0.7404010295869266,0.14638094132298435,30,0.234375,1.558429198011292,24.26279665629069,5.367390682428807,0.0,182,medium_snr_persistent,1.3063593460143221,27.914452634658403,timesfm_2_5_m128_covid_deaths_short_auto_ets_oral_sidecar_rerun_1783619263,0.0,T113,0.45709349904456575,0.03937007874015748,0.0,0.6696529722630049,0,0.2421875
0.9988543610186082,auto_ets,109.66653279874754,3.072418586128347,auto_ets,0.36220472440944884,1.3748825825366031,128,covid_deaths/D/short,Healthcare,0.23333333333333334,1,computed_from_history_sidecar,0.837797235559545,0.16345901085527922,30,0.234375,0.23644225446087574,157.80797882080077,4.421149778284175,0.0,182,medium_snr_persistent,1.438980286815465,195.21108469064967,timesfm_2_5_m128_covid_deaths_short_auto_ets_oral_sidecar_rerun_1783619263,0.0,T114,0.3964495340427627,0.031496062992125984,0.0,0.7272856458285074,0,0.15625
0.0,auto_ets,0.7,700000000000.0,auto_ets,0.0,0.0,128,covid_deaths/D/short,Healthcare,0.3,0,computed_from_history_sidecar,1.0,0.0,30,0.234375,0.0,0.7,700000000000.0,0.0,182,medium_snr_persistent,0.9999999999985715,0.8366600265340756,timesfm_2_5_m128_covid_deaths_short_auto_ets_oral_sidecar_rerun_1783619263,0.0,T115,0.0,0.0,0.6666666666666666,1.0,0,1.0
0.9993129609674793,auto_ets,3.439826587424227,0.03643962875014276,auto_ets,0.11023622047244094,0.5741291081991297,128,covid_deaths/D/short,Healthcare,0.9333333333333333,1,computed_from_history_sidecar,0.0,2.7923854019209755,30,0.234375,-1.1558810175197096,7.1037038167317705,0.07525272662844085,0.0,182,medium_snr_persistent,2.0651342840073292,7.817476653757544,timesfm_2_5_m128_covid_deaths_short_auto_ets_oral_sidecar_rerun_1783619263,0.0,T116,0.27298869581386886,0.015748031496062992,0.0,0.8272516939752426,0,0.0390625
0.9980640411852187,auto_ets,11.002481596013158,1.6537472337563304,auto_ets,0.1889763779527559,1.7134178967455331,128,covid_deaths/D/short,Healthcare,0.9,0,computed_from_history_sidecar,0.0,1.5251626554243358,30,0.234375,2.707398505102253,7.429310862223307,1.1166755590456667,0.0,182,medium_snr_persistent,0.6752395627650679,8.027690083771393,timesfm_2_5_m128_covid_deaths_short_auto_ets_oral_sidecar_rerun_1783619263,0.0,T117,0.47901670594967527,0.03937007874015748,0.3333333333333333,0.5631751275293662,0,0.2734375
0.0,auto_ets,0.0,0.0,auto_ets,0.0,0.0,128,covid_deaths/D/short,Healthcare,1.0,0,computed_from_history_sidecar,1.0,0.0,30,0.234375,0.0,0.0,0.0,0.0,182,medium_snr_persistent,0.0,0.0,timesfm_2_5_m128_covid_deaths_short_auto_ets_oral_sidecar_rerun_1783619263,0.0,T118,0.0,0.0,1.0,1.0,0,1.0
0.9942430655028491,auto_ets,0.18237286650569687,0.06017690544630436,auto_ets,0.07086614173228346,0.3943570356442601,128,covid_deaths/D/short,Healthcare,0.9,0,computed_from_history_sidecar,0.0,0.14584991147802,30,0.234375,0.755656661700105,0.17369813919067384,0.05731453751070848,0.0,182,medium_snr_persistent,0.9524341121451612,0.34273237677722046,timesfm_2_5_m128_covid_deaths_short_auto_ets_oral_sidecar_rerun_1783619263,0.0,T119,0.4099786474120018,0.023622047244094488,0.3333333333333333,0.697380655913356,0,0.046875
0.9947478175974308,auto_ets,0.4338356741272971,0.12217211512776766,auto_ets,0.05511811023622047,0.43631453146822474,128,covid_deaths/D/short,Healthcare,0.5333333333333333,1,computed_from_history_sidecar,0.0,0.08582071137044169,30,0.234375,-0.17736831746127857,0.524030844370524,0.14757190444912902,0.0,182,medium_snr_persistent,1.2079016909419804,0.7523353277390011,timesfm_2_5_m128_covid_deaths_short_auto_ets_oral_sidecar_rerun_1783619263,0.0,T120,0.3684838970685756,0.03937007874015748,0.0,0.6371098424959496,0,0.0
0.9985311282441586,auto_ets,3.18135090619761,0.30656085428449925,auto_ets,0.1968503937007874,0.7998286247937293,128,covid_deaths/D/short,Healthcare,1.0,0,computed_from_history_sidecar,0.0,2.3621484951911724,30,0.234375,-1.5615187976305216,2.7756144205729165,0.2674633364956928,0.0,182,medium_snr_persistent,0.8724640891279399,3.3378840868748663,timesfm_2_5_m128_covid_deaths_short_auto_ets_oral_sidecar_rerun_1783619263,0.0,T121,0.28350670859763677,0.03937007874015748,0.3333333333333333,0.9634843084220519,0,0.1171875
0.0,auto_ets,0.0,0.0,auto_ets,0.0,0.0,128,covid_deaths/D/short,Healthcare,1.0,0,computed_from_history_sidecar,1.0,0.0,30,0.234375,0.0,0.0,0.0,0.0,182,medium_snr_persistent,0.0,0.0,timesfm_2_5_m128_covid_deaths_short_auto_ets_oral_sidecar_rerun_1783619263,0.0,T122,0.0,0.0,1.0,1.0,0,1.0
0.9888690075367791,auto_ets,1.3666666666666667,1.8601851851826532,auto_ets,0.023622047244094488,1.242008467768978,128,covid_deaths/D/short,Healthcare,0.16666666666666666,0,computed_from_history_sidecar,0.7678673267398162,0.00510371220612486,30,0.234375,-0.16286324072114056,1.3711084127426147,1.866230895119352,0.0,182,medium_snr_persistent,1.0032500581036181,1.559605583541131,timesfm_2_5_m128_covid_deaths_short_auto_ets_oral_sidecar_rerun_1783619263,0.0,T123,0.37966121813789055,0.023622047244094488,0.0,0.7810402336892226,0,0.5078125
0.0,auto_ets,0.0,0.0,auto_ets,0.0,0.0,128,covid_deaths/D/short,Healthcare,1.0,0,computed_from_history_sidecar,1.0,0.0,30,0.234375,0.0,0.0,0.0,0.0,182,medium_snr_persistent,0.0,0.0,timesfm_2_5_m128_covid_deaths_short_auto_ets_oral_sidecar_rerun_1783619263,0.0,T124,0.0,0.0,1.0,1.0,0,1.0
0.0,auto_ets,0.0,0.0,auto_ets,0.0,0.0,128,covid_deaths/D/short,Healthcare,1.0,0,computed_from_history_sidecar,1.0,0.0,30,0.234375,0.0,0.0,0.0,0.0,182,medium_snr_persistent,0.0,0.0,timesfm_2_5_m128_covid_deaths_short_auto_ets_oral_sidecar_rerun_1783619263,0.0,T125,0.0,0.0,1.0,1.0,0,1.0
0.9882946426764997,auto_ets,0.4666666666666667,0.7259259259247967,auto_ets,0.023622047244094488,0.4062302440448297,128,covid_deaths/D/short,Healthcare,0.6666666666666666,0,computed_from_history_sidecar,0.9743357896808531,7.791678372933702e-05,30,0.234375,1.2682020920302852,0.4677876869837443,0.7276697353069147,0.0,182,medium_snr_persistent,1.0024021863915897,0.8567437473772321,timesfm_2_5_m128_covid_deaths_short_auto_ets_oral_sidecar_rerun_1783619263,0.0,T126,0.41938584722471073,0.023622047244094488,0.0,0.5808008124984669,0,0.109375
0.9996366552668985,auto_ets,21.353425433900096,0.0028730709352248044,auto_ets,0.18110236220472442,0.44820730001779663,128,covid_deaths/D/short,Healthcare,0.9666666666666667,1,computed_from_history_sidecar,0.0,58.281763207424845,30,0.234375,-0.05262023606406263,53.2216796875,0.00716089610574824,0.0,182,medium_snr_persistent,2.492418832390436,62.34915495449992,timesfm_2_5_m128_covid_deaths_short_auto_ets_oral_sidecar_rerun_1783619263,0.0,T127,0.3581570095293921,0.023622047244094488,0.0,0.7512663229564466,0,0.0
0.9988189400621401,auto_ets,3.831828677786896,0.29177871827745705,auto_ets,0.2125984251968504,0.9821549485829206,128,covid_deaths/D/short,Healthcare,0.3333333333333333,1,computed_from_history_sidecar,0.0,0.23201349139774738,30,0.234375,-1.1639468186441742,4.089283625284831,0.3113829023138173,0.0,182,medium_snr_persistent,1.0671885329814805,4.307305553176585,timesfm_2_5_m128_covid_deaths_short_auto_ets_oral_sidecar_rerun_1783619263,0.0,T128,0.2921351363512226,0.023622047244094488,0.3333333333333333,0.8985242621324335,0,0.03125
