autocorrelation_strength,baseline,baseline_mae,baseline_mase,changepoint_density,coefficient_of_variation,context_length,dataset,domain,empirical_coverage_90,failure_delta_005,feature_source,flatness_score,forecast_variance_ratio,horizon,horizon_context_ratio,kurtosis_excess,mae,mase,missingness,origin,regime,relative_error_ratio,rmse,run_id,seasonality_strength,series_id,spectral_entropy,spike_frequency,spike_recall,trend_strength,window_index,zero_ratio
0.1544646275175432,zero,0.0055732891034184105,0.4669213963418954,0.023529411764705882,27.20078702979348,256,FRED finance stress seed,finance_equity,0.8,1,computed_from_history_sidecar,0.9722760455944852,0.0004689108223901993,10,0.0390625,13.70955618682271,0.006306386377461415,0.5283391330677089,0.0,2272,low_snr_returns,1.1315376359108693,0.007990047523572207,timesfm_2_5_finance_fred_finance_fred_stress_oral_sidecar_rerun_1783619484,0.005010233644336527,sp500_return,0.9238605503800387,0.01568627450980392,0.6666666666666666,0.0014355837502029178,0,0.0
0.17608216064573456,mean,0.00558746478818403,0.5125902803475677,0.027450980392156862,22.403674405768307,256,FRED finance stress seed,finance_equity,0.7,0,computed_from_history_sidecar,0.9619751134716459,0.001673422156687991,10,0.0390625,17.016852086896783,0.005279810870043278,0.48436631578974376,0.0,2335,low_snr_returns,0.9449385489218125,0.006948599626880754,timesfm_2_5_finance_fred_finance_fred_stress_oral_sidecar_rerun_1783619484,0.0014750557140051767,sp500_return,0.9405739489830911,0.0196078431372549,0.3333333333333333,0.0018851760898956904,1,0.0
0.15342748895980785,zero,0.006548606507077892,0.6103239087406069,0.027450980392156862,19.68495031629661,256,FRED finance stress seed,finance_equity,0.8,0,computed_from_history_sidecar,0.9757234553595845,0.000367678109835365,10,0.0390625,17.844117162708958,0.006779321383748283,0.6318263161889531,0.0,2398,low_snr_returns,1.035231140454965,0.00847824205760459,timesfm_2_5_finance_fred_finance_fred_stress_oral_sidecar_rerun_1783619484,0.02085678848796873,sp500_return,0.9339180164523866,0.0196078431372549,0.3333333333333333,0.0009421341988962162,2,0.0
0.1507197696883617,mean,0.005609710578032079,0.63329639096074,0.00784313725490196,6.848296549057391,256,FRED finance stress seed,finance_equity,0.9,0,computed_from_history_sidecar,0.9777963969563319,0.0003621459891948581,10,0.0390625,1.7680598055767804,0.005732748524351195,0.6471864992419505,0.0,2461,low_snr_returns,1.0219330290904856,0.006612048294417924,timesfm_2_5_finance_fred_finance_fred_stress_oral_sidecar_rerun_1783619484,0.06574213852919518,sp500_return,0.9187412834847181,0.00784313725490196,0.3333333333333333,0.008716567344926651,3,0.0
0.13249709221516706,mean,0.0025404062516404965,0.1526582476358441,0.01568627450980392,33.09124259477521,256,FRED finance stress seed,finance_equity,1.0,1,computed_from_history_sidecar,0.7898590903605678,0.06240873529900575,10,0.0390625,10.253983361294363,0.002780893967730158,0.16710965015954937,0.0,2398,low_snr_returns,1.0946650618733516,0.0035382826289239357,timesfm_2_5_finance_fred_finance_fred_stress_oral_sidecar_rerun_1783619484,0.016407749861543315,nasdaq_return,0.9210238031508939,0.00784313725490196,0.3333333333333333,0.002322965256295051,0,0.0
0.14351902249834247,naive,0.006531917601376058,0.44458305372927587,0.023529411764705882,16.47245619905219,256,FRED finance stress seed,finance_equity,0.8,1,computed_from_history_sidecar,0.9651396662446928,0.0008686905852050632,10,0.0390625,13.773129663648568,0.008061322185026577,0.5486791862407541,0.0,2461,low_snr_returns,1.2341432754899082,0.009031137020216112,timesfm_2_5_finance_fred_finance_fred_stress_oral_sidecar_rerun_1783619484,0.005369097582529989,nasdaq_return,0.9338600043904861,0.011764705882352941,0.3333333333333333,0.0007976895925050353,1,0.0
0.1561142741011543,naive,0.007669794563829413,0.5249409172077281,0.03137254901960784,20.30488017802537,256,FRED finance stress seed,finance_equity,0.8,0,computed_from_history_sidecar,0.9810397704358566,0.00017278188384600536,10,0.0390625,14.44446508894433,0.007629497266301399,0.5221828641530728,0.0,2524,low_snr_returns,0.9947459741995175,0.010316509403385844,timesfm_2_5_finance_fred_finance_fred_stress_oral_sidecar_rerun_1783619484,0.03642502793740513,nasdaq_return,0.9258881963422074,0.011764705882352941,0.3333333333333333,0.0015374389005284872,2,0.0
0.1326471375814696,mean,0.0078283301798594,0.6535810621292284,0.011764705882352941,8.210496714449574,256,FRED finance stress seed,finance_equity,1.0,1,computed_from_history_sidecar,0.97970990726067,0.00032528615979431395,10,0.0390625,1.7642564289303282,0.008751110617298075,0.7306232671150273,0.0,2587,low_snr_returns,1.1178770459497112,0.009639479514365348,timesfm_2_5_finance_fred_finance_fred_stress_oral_sidecar_rerun_1783619484,0.03197165845617436,nasdaq_return,0.9210952767616916,0.011764705882352941,0.3333333333333333,0.00361329938468824,3,0.0
0.14864191572642674,zero,0.0055999612451817175,0.5309524629967135,0.0196078431372549,31.870304441476488,256,FRED finance stress seed,finance_equity,0.8,1,computed_from_history_sidecar,0.9822380052135493,0.00019251340080608475,10,0.0390625,11.614611347325713,0.0060906989225006924,0.577481066865532,0.0,2272,low_snr_returns,1.08763233435831,0.0072617724632322725,timesfm_2_5_finance_fred_finance_fred_stress_oral_sidecar_rerun_1783619484,0.016108205352563416,dow_jones_return,0.9229710169006176,0.01568627450980392,0.6666666666666666,0.00015671775800918386,0,0.0
0.13227865853023027,mean,0.004265838846628023,0.4261316474206071,0.023529411764705882,34.45879881768255,256,FRED finance stress seed,finance_equity,0.9,0,computed_from_history_sidecar,0.9210539574767325,0.0061895976991278995,10,0.0390625,13.088305254493815,0.00404148670268043,0.40372021742054887,0.0,2335,low_snr_returns,0.947407261980292,0.004860347459179479,timesfm_2_5_finance_fred_finance_fred_stress_oral_sidecar_rerun_1783619484,0.02120032720069892,dow_jones_return,0.9319800689605652,0.0196078431372549,0.6666666666666666,0.0014982399576930483,1,0.0
0.15719132834034594,linear_ar,0.0069132538660599905,0.7065047662179104,0.023529411764705882,20.854035404980444,256,FRED finance stress seed,finance_equity,0.7,1,computed_from_history_sidecar,0.9746695922389345,0.0005055797926343835,10,0.0390625,13.756571057593774,0.007536485350188471,0.7701963393214999,0.0,2398,low_snr_returns,1.0901502382399162,0.009849655030167132,timesfm_2_5_finance_fred_finance_fred_stress_oral_sidecar_rerun_1783619484,0.02021201196808724,dow_jones_return,0.9252841838353021,0.0196078431372549,0.6666666666666666,0.00187920257295493,2,0.0
0.12608937225026304,linear_ar,0.005691763968987558,0.6291445416534586,0.00784313725490196,9.696907899856807,256,FRED finance stress seed,finance_equity,0.7,1,computed_from_history_sidecar,0.9730914818170874,0.0008229508659769952,10,0.0390625,1.1861190050008252,0.006446938931086344,0.7126185240579541,0.0,2461,low_snr_returns,1.1326785448379084,0.007992134406085163,timesfm_2_5_finance_fred_finance_fred_stress_oral_sidecar_rerun_1783619484,0.07005486078249266,dow_jones_return,0.9203850875326367,0.00784313725490196,0.6666666666666666,0.0039510302328966684,3,0.0
0.12060244511170698,linear_ar,0.004125468730891273,0.7696955829451195,0.011764705882352941,17.42629831660263,256,FRED finance stress seed,finance_fx,0.8,1,computed_from_history_sidecar,0.9887480342638221,0.00013069350140532425,10,0.0390625,1.801744412346995,0.004383128445058162,0.817767585627421,0.0,2398,low_snr_returns,1.0624558637846633,0.004950319434644885,timesfm_2_5_finance_fred_finance_fred_stress_oral_sidecar_rerun_1783619484,0.011213884816120677,eur_usd_return,0.9154994460451872,0.00784313725490196,0.3333333333333333,0.004222692038695075,0,0.015625
0.1357988964593621,linear_ar,0.0024685029326911123,0.4417905634094587,0.00784313725490196,20.73891948677428,256,FRED finance stress seed,finance_fx,1.0,0,computed_from_history_sidecar,0.9831536243231371,0.000169496245578367,10,0.0390625,1.5396066245208333,0.0025226681396308013,0.4514845674044175,0.0,2461,low_snr_returns,1.0219425325367941,0.002828392142298005,timesfm_2_5_finance_fred_finance_fred_stress_oral_sidecar_rerun_1783619484,0.052314872899198415,eur_usd_return,0.9227364013626475,0.00784313725490196,0.3333333333333333,0.0004706747798263189,1,0.01953125
0.16445019964389773,naive,0.0015409428513218442,0.3134137072420969,0.00784313725490196,8.258656526680438,256,FRED finance stress seed,finance_fx,1.0,1,computed_from_history_sidecar,0.9679748306056966,0.000974142175632196,10,0.0390625,1.963442414321591,0.0018093865206469302,0.36801269870805253,0.0,2524,low_snr_returns,1.174207413286355,0.0021054382536763953,timesfm_2_5_finance_fred_finance_fred_stress_oral_sidecar_rerun_1783619484,0.07169099619582683,eur_usd_return,0.913672928660891,0.00784313725490196,0.3333333333333333,0.00939485338112156,2,0.015625
0.2285712545913376,linear_ar,0.0019504608807754697,0.4494877414342284,0.00784313725490196,29.118907194040148,256,FRED finance stress seed,finance_fx,1.0,1,computed_from_history_sidecar,0.9904961920532992,8.408023931960953e-05,10,0.0390625,0.833103388782825,0.0022874501309365107,0.5271476106658931,0.0,2587,low_snr_returns,1.1727741644601894,0.0025697583498627,timesfm_2_5_finance_fred_finance_fred_stress_oral_sidecar_rerun_1783619484,0.019950184633566903,eur_usd_return,0.8987791513979488,0.00392156862745098,0.3333333333333333,0.0009946983898230233,3,0.015625
0.1736970348813252,linear_ar,0.003939580150640512,0.4874854922374527,0.00392156862745098,101.01938230757222,256,FRED finance stress seed,finance_fx,0.9,1,computed_from_history_sidecar,0.9954446226263086,2.2561201225332874e-05,10,0.0390625,1.2195131783175857,0.004153706135896762,0.5139815419006386,0.0,2398,low_snr_returns,1.0543524883399271,0.005072552684476327,timesfm_2_5_finance_fred_finance_fred_stress_oral_sidecar_rerun_1783619484,0.050336294439985926,jpy_usd_return,0.921599758873202,0.00392156862745098,0.0,3.699998684847383e-05,0,0.0078125
0.14740085085376572,drift,0.0034476305123601904,0.44132595227403715,0.00392156862745098,2902.315588827012,256,FRED finance stress seed,finance_fx,1.0,1,computed_from_history_sidecar,0.9921092677660072,9.151262879830192e-05,10,0.0390625,1.5009010040648132,0.0037962484097229243,0.48595200050681464,0.0,2461,low_snr_returns,1.1011181143140998,0.004283944935059818,timesfm_2_5_finance_fred_finance_fred_stress_oral_sidecar_rerun_1783619484,0.07655086467641817,jpy_usd_return,0.9059568139676591,0.00784313725490196,0.3333333333333333,0.0025877585986013862,1,0.015625
0.17264745600082257,linear_ar,0.002565891849199372,0.3540373866172676,0.0,143.53428478776047,256,FRED finance stress seed,finance_fx,0.9,1,computed_from_history_sidecar,0.9800979498206084,0.0005482545480931403,10,0.0390625,1.7454651562779349,0.003481363257227521,0.4803525720847484,0.0,2524,low_snr_returns,1.3567848765555008,0.004315647132684038,timesfm_2_5_finance_fred_finance_fred_stress_oral_sidecar_rerun_1783619484,0.07542207488177563,jpy_usd_return,0.9023938878463814,0.00392156862745098,0.3333333333333333,0.003356606749426061,2,0.015625
0.19018419972318126,mean,0.0011945067685890341,0.18461043744928096,0.0,16.732100601851428,256,FRED finance stress seed,finance_fx,1.0,0,computed_from_history_sidecar,0.9783493343298204,0.000425534049839017,10,0.0390625,2.1004682885127295,0.0011031626037369513,0.17049324140216174,0.0,2587,low_snr_returns,0.9235298047883734,0.0014866761992308763,timesfm_2_5_finance_fred_finance_fred_stress_oral_sidecar_rerun_1783619484,0.10590872226727513,jpy_usd_return,0.8926553099021592,0.00784313725490196,0.3333333333333333,0.0003003867206098354,3,0.01171875
0.19193680228349896,linear_ar,0.0038524522626390265,0.748719970580777,0.00784313725490196,26.495436582815763,256,FRED finance stress seed,finance_fx,0.8,0,computed_from_history_sidecar,0.99399804810628,3.0287461187883205e-05,10,0.0390625,0.8376579158888617,0.003879128632240103,0.753904494437599,0.0,2398,low_snr_returns,1.0069245163276541,0.004318151937639451,timesfm_2_5_finance_fred_finance_fred_stress_oral_sidecar_rerun_1783619484,0.030374937760636753,gbp_usd_return,0.9058471546692318,0.00784313725490196,0.6666666666666666,0.0008593694906909866,0,0.0
0.1551213765007326,zero,0.002486499357645516,0.47112754219741054,0.00784313725490196,105.45938999747136,256,FRED finance stress seed,finance_fx,0.9,0,computed_from_history_sidecar,0.991944261515964,7.285934955326107e-05,10,0.0390625,0.6091128345296286,0.0024633044129484917,0.4667326979948922,0.0,2461,low_snr_returns,0.9906716462176529,0.003237476478885787,timesfm_2_5_finance_fred_finance_fred_stress_oral_sidecar_rerun_1783619484,0.003914317264256495,gbp_usd_return,0.9139233905866885,0.00392156862745098,0.3333333333333333,2.302706849643954e-07,1,0.00390625
0.15356857553043557,zero,0.0028511317807073332,0.6143741488656022,0.00784313725490196,11.393140925589824,256,FRED finance stress seed,finance_fx,0.8,0,computed_from_history_sidecar,0.9863455523236138,9.003700453428448e-05,10,0.0390625,0.6991371946507559,0.0029078838397339547,0.6266033268351314,0.0,2524,low_snr_returns,1.0199050981756574,0.0039062926237591845,timesfm_2_5_finance_fred_finance_fred_stress_oral_sidecar_rerun_1783619484,0.06309825476594942,gbp_usd_return,0.8961473856479715,0.00784313725490196,1.0,0.004839941312243301,2,0.00390625
0.19380479078625884,linear_ar,0.002810520661232388,0.6138755034170117,0.0,56.81555905383882,256,FRED finance stress seed,finance_fx,0.8,1,computed_from_history_sidecar,0.9963044475575734,1.343660063351933e-05,10,0.0390625,0.2944456475177972,0.0031358555336212625,0.6849353292071756,0.0,2587,low_snr_returns,1.1157560859668123,0.004453763590555374,timesfm_2_5_finance_fred_finance_fred_stress_oral_sidecar_rerun_1783619484,0.051439752787400726,gbp_usd_return,0.9125933005938561,0.00392156862745098,0.6666666666666666,6.410735912598664e-05,3,0.00390625
0.14393599560309758,naive,0.0016702121233474975,0.4145659875143064,0.0196078431372549,244.05983760967226,256,FRED finance stress seed,finance_fx,1.0,0,computed_from_history_sidecar,0.9438525087241831,0.004263596869304843,10,0.0390625,4.388952981855777,0.0016395825301363577,0.406963367835503,0.0,2398,low_snr_returns,0.9816612550198641,0.002058667354728366,timesfm_2_5_finance_fred_finance_fred_stress_oral_sidecar_rerun_1783619484,0.023043097184924467,cad_usd_return,0.920663940103994,0.0196078431372549,0.3333333333333333,0.0018086482865401488,0,0.0078125
0.20676944548038972,mean,0.0017553666830747387,0.431787551994442,0.01568627450980392,81.88068003417746,256,FRED finance stress seed,finance_fx,1.0,0,computed_from_history_sidecar,0.951788664908096,0.0020092271283114727,10,0.0390625,4.3597873370960425,0.0016599859152543416,0.40832565731362225,0.0,2461,low_snr_returns,0.9456633365064276,0.00210823091047843,timesfm_2_5_finance_fred_finance_fred_stress_oral_sidecar_rerun_1783619484,0.007990419384155048,cad_usd_return,0.9029360593566113,0.0196078431372549,0.0,8.523884667988035e-06,1,0.0
0.24173515184943822,zero,0.001421279780288226,0.38234637139415406,0.01568627450980392,12.841567973056602,256,FRED finance stress seed,finance_fx,0.9,1,computed_from_history_sidecar,0.9433443806184434,0.003360493826170069,10,0.0390625,4.442902109987102,0.001619594170915134,0.43569602760052345,0.0,2524,low_snr_returns,1.13953226679068,0.002161571409469,timesfm_2_5_finance_fred_finance_fred_stress_oral_sidecar_rerun_1783619484,0.014886550753058926,cad_usd_return,0.9126769426336447,0.01568627450980392,0.6666666666666666,0.0019072343390887925,2,0.0
0.12280878354619901,linear_ar,0.0011156819608623858,0.3510113019151591,0.0,133.80145399917075,256,FRED finance stress seed,finance_fx,1.0,1,computed_from_history_sidecar,0.9488146262427093,0.0022018913049401886,10,0.0390625,0.6399543255603493,0.0014338148248302152,0.45110096427469937,0.0,2587,low_snr_returns,1.2851465505786044,0.0016280591705444842,timesfm_2_5_finance_fred_finance_fred_stress_oral_sidecar_rerun_1783619484,0.05689459523183657,cad_usd_return,0.9169577104447197,0.00392156862745098,0.0,0.0001852379578854979,3,0.00390625
0.17906629289207765,zero,0.0007745198271045473,0.3426215862562212,0.0392156862745098,118.60286984120985,256,FRED finance stress seed,finance_fx,1.0,0,computed_from_history_sidecar,0.948873687099084,0.0025509956360512073,10,0.0390625,4.92477657395075,0.0007597456459229823,0.3360859841774621,0.0,2398,low_snr_returns,0.9809247205230095,0.0009921339052787138,timesfm_2_5_finance_fred_finance_fred_stress_oral_sidecar_rerun_1783619484,0.012356392034055875,cny_usd_return,0.9189673881938405,0.011764705882352941,0.6666666666666666,1.2629067800751237e-05,0,0.05859375
0.17760107903986017,mean,0.0007216690597466709,0.3929033146346256,0.054901960784313725,3452.090139745652,256,FRED finance stress seed,finance_fx,0.9,1,computed_from_history_sidecar,0.9678024147773177,0.0007420210098455903,10,0.0390625,5.845906314892938,0.0007693011471830325,0.4188359838878734,0.0,2461,low_snr_returns,1.0660026721764673,0.001019093973685279,timesfm_2_5_finance_fred_finance_fred_stress_oral_sidecar_rerun_1783619484,0.010984339966570514,cny_usd_return,0.9086835746683324,0.0196078431372549,0.3333333333333333,0.008131919269334098,1,0.0546875
0.17684182141100957,seasonal_naive_5,0.001157038410512934,0.7539707953668553,0.03137254901960784,8.279842485405535,256,FRED finance stress seed,finance_fx,0.5,1,computed_from_history_sidecar,0.9776257599381816,0.0003690232474212428,10,0.0390625,3.184139881490095,0.0012375826680006696,0.8064565359684478,0.0,2524,low_snr_returns,1.0696124309152508,0.001648112109233592,timesfm_2_5_finance_fred_finance_fred_stress_oral_sidecar_rerun_1783619484,0.0014211480149683789,cny_usd_return,0.9021804983539329,0.01568627450980392,0.3333333333333333,0.009667966843411535,2,0.03515625
0.15180741765854838,drift,0.001266994635914037,0.8789197046498088,0.03137254901960784,5.273181946134705,256,FRED finance stress seed,finance_fx,0.8,0,computed_from_history_sidecar,0.9907219973723596,6.254985279357239e-05,10,0.0390625,3.457688017771096,0.0013036830545069655,0.904370620636128,0.0,2587,low_snr_returns,1.0289570425351515,0.0016801322806797097,timesfm_2_5_finance_fred_finance_fred_stress_oral_sidecar_rerun_1783619484,0.0002858012248092888,cny_usd_return,0.910396982916544,0.01568627450980392,0.3333333333333333,0.0011261373698312482,3,0.0390625
0.16193273240513392,mean,0.010966197513539722,0.443595810988613,0.0,32.40227480082661,256,FRED finance stress seed,finance_commodity,1.0,0,computed_from_history_sidecar,0.9957170208421867,1.5448111514517247e-05,10,0.0390625,1.4754134836943305,0.011044930887261727,0.4467806701638158,0.0,2398,low_snr_returns,1.0071796420425234,0.012762984457187293,timesfm_2_5_finance_fred_finance_fred_stress_oral_sidecar_rerun_1783619484,0.16193273240513395,wti_oil_return,0.9153216299735494,0.0,0.3333333333333333,0.00046595217625489127,0,0.00390625
0.1496585360823729,seasonal_naive_5,0.011098707035648747,0.5024740513910307,0.00784313725490196,33.95257363591676,256,FRED finance stress seed,finance_commodity,0.9,1,computed_from_history_sidecar,0.9868656071419609,0.00012529964223453977,10,0.0390625,2.557378902703527,0.012072403487790151,0.5465564115759679,0.0,2461,low_snr_returns,1.0877306201457688,0.014839107828792466,timesfm_2_5_finance_fred_finance_fred_stress_oral_sidecar_rerun_1783619484,0.0973579958183657,wti_oil_return,0.9111995943909402,0.00784313725490196,0.6666666666666666,7.776964596772906e-05,1,0.00390625
0.14229738831400587,zero,0.01313050737007151,0.587366362354151,0.00392156862745098,33.88187863089116,256,FRED finance stress seed,finance_commodity,0.8,1,computed_from_history_sidecar,0.9897209874552844,0.0001297862473772547,10,0.0390625,2.3596834847570536,0.013796467469895024,0.6171567238597486,0.0,2524,low_snr_returns,1.0507185350880441,0.018127794611618408,timesfm_2_5_finance_fred_finance_fred_stress_oral_sidecar_rerun_1783619484,0.08470739709025536,wti_oil_return,0.9061016251988278,0.00784313725490196,0.3333333333333333,0.0022993464361468208,2,0.0
0.22469909808880842,mean,0.026394210969674037,0.8717965988992803,0.03529411764705882,16.7405949281503,256,FRED finance stress seed,finance_commodity,0.9,1,computed_from_history_sidecar,0.9720274541909372,0.0006087362564347747,10,0.0390625,6.850140081586426,0.028598478414174178,0.9446032027181086,0.0,2587,low_snr_returns,1.0835132918331694,0.03995308681971973,timesfm_2_5_finance_fred_finance_fred_stress_oral_sidecar_rerun_1783619484,0.02682023715061137,wti_oil_return,0.9121941771260079,0.027450980392156862,0.6666666666666666,0.0036138021734815062,3,0.0
0.204030444401235,zero,0.028586241228469023,0.29831328593802775,0.03137254901960784,123.33670306613008,256,FRED finance stress seed,finance_commodity,0.9,1,computed_from_history_sidecar,0.9669572877903764,0.0008991581007528194,10,0.0390625,24.01438570439714,0.03030583401735152,0.3162581906642917,0.0,2398,low_snr_returns,1.060154560863,0.04033109340482899,timesfm_2_5_finance_fred_finance_fred_stress_oral_sidecar_rerun_1783619484,0.11935734168228784,henry_hub_gas_return,0.9021262050271417,0.011764705882352941,0.6666666666666666,2.743816167050106e-06,0,0.07421875
0.20836561692058625,zero,0.038550059438538266,0.4265666502728874,0.03529411764705882,119.76770250888936,256,FRED finance stress seed,finance_commodity,0.7,0,computed_from_history_sidecar,0.9791169972063388,0.00033833281597932843,10,0.0390625,26.21217538029655,0.04012315942611964,0.44397341960139536,0.0,2461,low_snr_returns,1.040806681220521,0.05843189073793209,timesfm_2_5_finance_fred_finance_fred_stress_oral_sidecar_rerun_1783619484,0.12134336266380161,henry_hub_gas_return,0.9141693631850962,0.011764705882352941,0.3333333333333333,2.840106305102008e-05,1,0.05859375
0.22937546826411087,seasonal_naive_5,0.29736823862865214,3.8005165108670727,0.043137254901960784,7337.885522261796,256,FRED finance stress seed,finance_commodity,0.4,0,computed_from_history_sidecar,0.9972861622938262,6.816194167305003e-06,10,0.0390625,35.94468027522338,0.3089496970776356,3.948533408227279,0.0,2524,low_snr_returns,1.0389465213277442,0.477832319468542,timesfm_2_5_finance_fred_finance_fred_stress_oral_sidecar_rerun_1783619484,0.04807897156399982,henry_hub_gas_return,0.9252209957643175,0.011764705882352941,0.0,0.0005368745360362359,2,0.0546875
0.21023562533955886,mean,0.023614428340045727,0.28010278585868886,0.058823529411764705,84.94689347222538,256,FRED finance stress seed,finance_commodity,0.9,0,computed_from_history_sidecar,0.9482463759937598,0.0020929350640129644,10,0.0390625,43.46090500968757,0.023517332114833932,0.27895107797965185,0.0,2587,low_snr_returns,0.995888266918449,0.03203884610890542,timesfm_2_5_finance_fred_finance_fred_stress_oral_sidecar_rerun_1783619484,0.1388809923964576,henry_hub_gas_return,0.9246578100563104,0.0196078431372549,0.0,2.024413781054335e-08,3,0.05859375
0.16288599481215987,drift,0.012938853798795441,0.6017963723698466,0.0,79.70176493444583,256,FRED finance stress seed,finance_commodity,0.9,0,computed_from_history_sidecar,0.9784064679851127,0.00035785762737229794,10,0.0390625,1.3807100745691443,0.013266916646958471,0.6170548361413603,0.0,2461,low_snr_returns,1.0253548615850514,0.015570477737744788,timesfm_2_5_finance_fred_finance_fred_stress_oral_sidecar_rerun_1783619484,0.060785875660276434,brent_oil_return,0.9215317938542136,0.00392156862745098,0.3333333333333333,0.0003485808153372849,0,0.0078125
0.12419968418657971,zero,0.012061100423217664,0.586179558720648,0.0,31.30211386951093,256,FRED finance stress seed,finance_commodity,0.8,1,computed_from_history_sidecar,0.9858725026534381,0.00017351371950595685,10,0.0390625,1.726063114090734,0.012899540951822797,0.626928469004586,0.0,2524,low_snr_returns,1.0695160887576738,0.015243394769272596,timesfm_2_5_finance_fred_finance_fred_stress_oral_sidecar_rerun_1783619484,0.031626711247374546,brent_oil_return,0.9020481622209674,0.00392156862745098,0.0,0.0002063270431642561,1,0.0078125
0.14728287457739417,linear_ar,0.047741986985310916,2.0213778813739696,0.01568627450980392,17.616447093072086,256,FRED finance stress seed,finance_commodity,0.6,1,computed_from_history_sidecar,0.9873469755140465,0.00020626838645116866,10,0.0390625,3.4667240248709916,0.05127011201250662,2.170757376091891,0.0,2587,low_snr_returns,1.0738998363685057,0.0640741781322009,timesfm_2_5_finance_fred_finance_fred_stress_oral_sidecar_rerun_1783619484,0.002345995390030788,brent_oil_return,0.9125423312326401,0.01568627450980392,0.0,0.017927654786063396,2,0.0078125
0.19235259357716677,zero,0.027753560676828305,0.8586361593851172,0.03137254901960784,40.39006927692891,256,FRED finance stress seed,finance_commodity,1.0,0,computed_from_history_sidecar,0.9790676332565672,0.0006984171047139694,10,0.0390625,4.350691143238691,0.025686254182569267,0.794678091835806,0.0,2650,low_snr_returns,0.9255120263934076,0.029912873299393468,timesfm_2_5_finance_fred_finance_fred_stress_oral_sidecar_rerun_1783619484,0.05052036044221379,brent_oil_return,0.9133108901843597,0.023529411764705882,0.0,7.774172318120165e-06,3,0.00390625
0.9218924032264104,linear_ar,0.027813446972149512,0.4748871004976948,0.027450980392156862,0.07796595639007031,256,FRED finance stress seed,finance_volatility,1.0,1,computed_from_history_sidecar,0.956773792144096,0.002193089594243053,10,0.0390625,3.618334116209863,0.04489321077814932,0.7665071761804564,0.0,2461,medium_snr_volatility,1.6140829585591543,0.05153789674733849,timesfm_2_5_finance_fred_finance_fred_stress_oral_sidecar_rerun_1783619484,0.6534739756945396,vix_log_level,0.5191668981484776,0.0196078431372549,0.3333333333333333,0.001030401552059912,0,0.0
0.9118916873996634,seasonal_naive_5,0.03976685495444454,0.6462276999652588,0.023529411764705882,0.07569530408316702,256,FRED finance stress seed,finance_volatility,1.0,1,computed_from_history_sidecar,0.915714187674198,0.001327181096119152,10,0.0390625,3.954508220274092,0.04813563989794214,0.782223887034508,0.0,2524,medium_snr_volatility,1.210446235989095,0.056559368184873934,timesfm_2_5_finance_fred_finance_fred_stress_oral_sidecar_rerun_1783619484,0.618374901788869,vix_log_level,0.555020029070347,0.01568627450980392,0.3333333333333333,0.021320914190551377,1,0.0
0.9240282675348588,linear_ar,0.090059474481468,1.5249105339029,0.01568627450980392,0.07501597627426877,256,FRED finance stress seed,finance_volatility,1.0,1,computed_from_history_sidecar,0.4146497608774635,0.057442107495053935,10,0.0390625,4.175234595300376,0.1344552619864141,2.276631598421636,0.0,2587,medium_snr_volatility,1.4929607657502897,0.1516014784002265,timesfm_2_5_finance_fred_finance_fred_stress_oral_sidecar_rerun_1783619484,0.6731171639031557,vix_log_level,0.5227163668230929,0.01568627450980392,0.3333333333333333,0.1576585229664914,2,0.0
0.9071406934078917,mean,0.09647648656740127,1.853332602744504,0.023529411764705882,0.05698563782668189,256,FRED finance stress seed,finance_volatility,0.5,1,computed_from_history_sidecar,0.955432669411923,0.0009605110908352432,10,0.0390625,0.8813466498037785,0.15671918087298073,3.0106068091979012,0.0,2650,medium_snr_volatility,1.6244287747965171,0.19475753912538998,timesfm_2_5_finance_fred_finance_fred_stress_oral_sidecar_rerun_1783619484,0.6840170207973842,vix_log_level,0.5274522784887683,0.00784313725490196,0.3333333333333333,0.11091825800495436,3,0.0
0.9221876497003574,linear_ar,0.04599129108324247,0.8173146257134456,0.027450980392156862,0.05533618106913601,256,FRED finance stress seed,finance_volatility,1.0,1,computed_from_history_sidecar,0.8634581745217027,0.0037200831738789,10,0.0390625,0.23985362855486514,0.051273218524736076,0.9111801478201489,0.0,2398,medium_snr_volatility,1.1148462527572596,0.06262436520759933,timesfm_2_5_finance_fred_finance_fred_stress_oral_sidecar_rerun_1783619484,0.6409341704937875,oil_vol_log_level,0.5294791319838764,0.00784313725490196,0.3333333333333333,0.1054715515711101,0,0.0
0.9050432841977504,mean,0.038432303892676024,0.6837421634952637,0.027450980392156862,0.049245674022813574,256,FRED finance stress seed,finance_volatility,1.0,1,computed_from_history_sidecar,0.8596186514577868,0.005368148958780059,10,0.0390625,0.7173671882169108,0.08953068808095224,1.5928242693604355,0.0,2461,medium_snr_volatility,2.3295685923134153,0.09928496269061243,timesfm_2_5_finance_fred_finance_fred_stress_oral_sidecar_rerun_1783619484,0.5988209042101605,oil_vol_log_level,0.5791259900981189,0.0196078431372549,0.6666666666666666,0.014586554364951043,1,0.0
0.8859119555869511,drift,0.11550318698126998,2.1817461922715213,0.03529411764705882,0.04322608869387988,256,FRED finance stress seed,finance_volatility,0.1,1,computed_from_history_sidecar,0.4190573461636259,0.09458471966866897,10,0.0390625,3.201211948842997,0.24502891398031643,4.628364931260909,0.0,2524,medium_snr_volatility,2.1214039229751207,0.2688048072826981,timesfm_2_5_finance_fred_finance_fred_stress_oral_sidecar_rerun_1783619484,0.4938038287921862,oil_vol_log_level,0.6230299553644635,0.023529411764705882,0.3333333333333333,0.006143129606703934,2,0.0
0.9812833720445088,drift,0.04946528432999457,1.0449708619495177,0.027450980392156862,0.090136651138515,256,FRED finance stress seed,finance_volatility,1.0,1,computed_from_history_sidecar,0.8331652329278384,0.013320729654725088,10,0.0390625,1.0566972097224907,0.10041360592593307,2.1212713877448564,0.0,2587,medium_snr_volatility,2.029981375504086,0.11795798099888218,timesfm_2_5_finance_fred_finance_fred_stress_oral_sidecar_rerun_1783619484,0.8805619449309342,oil_vol_log_level,0.3565534977836664,0.0196078431372549,0.6666666666666666,0.2287328431807849,3,0.0
0.9340489552437953,mean,0.04163605166374258,1.1931095709441832,0.03137254901960784,0.04705528459582859,256,FRED finance stress seed,finance_volatility,0.8,1,computed_from_history_sidecar,0.9501054436609464,0.0025197738755533433,10,0.0390625,1.1836189474432484,0.06110534198768884,1.7510154168824876,0.0,2398,medium_snr_volatility,1.4676065463583057,0.0749584054954063,timesfm_2_5_finance_fred_finance_fred_stress_oral_sidecar_rerun_1783619484,0.7782167675997116,gold_vol_log_level,0.46353903047256767,0.023529411764705882,0.3333333333333333,0.13009726452799886,0,0.0
0.938750064637944,drift,0.13161855157824393,3.7633034049479157,0.0196078431372549,0.04799734206058685,256,FRED finance stress seed,finance_volatility,0.6,1,computed_from_history_sidecar,0.8437722956011471,0.0008321743865715311,10,0.0390625,0.900011056509634,0.20845169759381318,5.960155114270685,0.0,2461,medium_snr_volatility,1.5837562037621278,0.22843820207908708,timesfm_2_5_finance_fred_finance_fred_stress_oral_sidecar_rerun_1783619484,0.7682983524131152,gold_vol_log_level,0.4676665031513737,0.0196078431372549,0.3333333333333333,0.049388509092118005,1,0.0
0.9568585725990062,seasonal_naive_5,0.1772862383023927,4.642163436290713,0.023529411764705882,0.060215892851972284,256,FRED finance stress seed,finance_volatility,0.4,1,computed_from_history_sidecar,0.9242957269363147,0.002463243602930372,10,0.0390625,-0.621790694120643,0.2183310032671062,5.716902846381561,0.0,2524,medium_snr_volatility,1.2315169262798218,0.28210386324528963,timesfm_2_5_finance_fred_finance_fred_stress_oral_sidecar_rerun_1783619484,0.8002742281408141,gold_vol_log_level,0.41614614550395834,0.0196078431372549,0.0,0.26164440684675805,2,0.0
0.9763165948445747,naive,0.08517295180483768,1.8885954608906377,0.01568627450980392,0.08715102118930289,256,FRED finance stress seed,finance_volatility,1.0,0,computed_from_history_sidecar,0.8599872719098925,0.0127156904622486,10,0.0390625,-0.5402272669596702,0.07455159957477675,1.6530812843222686,0.0,2587,medium_snr_volatility,0.8752966522133268,0.08689844310400134,timesfm_2_5_finance_fred_finance_fred_stress_oral_sidecar_rerun_1783619484,0.8700125759095845,gold_vol_log_level,0.2917997861264012,0.0196078431372549,0.3333333333333333,0.4494524232907251,3,0.0
