actual,baseline_context_length,baseline_family,baseline_forecast,baseline_mode,baseline_season_length,context_length,dataset,domain,forecast_mean,forecast_median,forecast_q00,forecast_q10,forecast_q20,forecast_q30,forecast_q40,forecast_q50,forecast_q60,forecast_q70,forecast_q80,forecast_q90,full_context_length,horizon,horizon_index,model,model_id,model_version,origin,regime,run_id,series_id,source_commit,window_index
44.210147857666016,512,auto_arima,44.249664883133505,auto_arima,1,128,bizitobs_application/10S/short,Web/CloudOps,44.207061767578125,44.207061767578125,44.252498626708984,44.007015228271484,44.098934173583984,44.14234924316406,44.17763137817383,44.207061767578125,44.24153137207031,44.28020095825195,44.31525802612305,44.428260803222656,7934,60,1,timesfm_2_5_bizitobs_m8,google/timesfm-2.5-200m-pytorch,google/timesfm-2.5-200m-pytorch,7934,intermittent_bursty,timesfm_2_5_bizitobs_m8_bizitobs_application_short_auto_arima_oral_sidecar_rerun_1783619256,Robot-Shop_dim0,gift-eval:unknown;timesfm:unknown,0
44.31521224975586,512,auto_arima,44.24478194117543,auto_arima,1,128,bizitobs_application/10S/short,Web/CloudOps,44.227943420410156,44.227943420410156,44.30457305908203,44.01371383666992,44.106666564941406,44.1461181640625,44.19955825805664,44.227943420410156,44.26560974121094,44.31383514404297,44.35480880737305,44.46833419799805,7934,60,2,timesfm_2_5_bizitobs_m8,google/timesfm-2.5-200m-pytorch,google/timesfm-2.5-200m-pytorch,7934,intermittent_bursty,timesfm_2_5_bizitobs_m8_bizitobs_application_short_auto_arima_oral_sidecar_rerun_1783619256,Robot-Shop_dim0,gift-eval:unknown;timesfm:unknown,0
44.06288528442383,512,auto_arima,44.284921937422624,auto_arima,1,128,bizitobs_application/10S/short,Web/CloudOps,44.23340606689453,44.23340606689453,44.25657272338867,44.00749588012695,44.08375549316406,44.15555191040039,44.1988410949707,44.23340606689453,44.27362060546875,44.32002639770508,44.376914978027344,44.5115966796875,7934,60,3,timesfm_2_5_bizitobs_m8,google/timesfm-2.5-200m-pytorch,google/timesfm-2.5-200m-pytorch,7934,intermittent_bursty,timesfm_2_5_bizitobs_m8_bizitobs_application_short_auto_arima_oral_sidecar_rerun_1783619256,Robot-Shop_dim0,gift-eval:unknown;timesfm:unknown,0
44.16950607299805,512,auto_arima,44.30546489398429,auto_arima,1,128,bizitobs_application/10S/short,Web/CloudOps,44.230594635009766,44.230594635009766,44.29448699951172,43.991722106933594,44.08882522583008,44.13896560668945,44.192291259765625,44.230594635009766,44.27862548828125,44.32447814941406,44.386207580566406,44.54289245605469,7934,60,4,timesfm_2_5_bizitobs_m8,google/timesfm-2.5-200m-pytorch,google/timesfm-2.5-200m-pytorch,7934,intermittent_bursty,timesfm_2_5_bizitobs_m8_bizitobs_application_short_auto_arima_oral_sidecar_rerun_1783619256,Robot-Shop_dim0,gift-eval:unknown;timesfm:unknown,0
44.12228012084961,512,auto_arima,44.32073228466945,auto_arima,1,128,bizitobs_application/10S/short,Web/CloudOps,44.23648452758789,44.23648452758789,44.284461975097656,44.010162353515625,44.096710205078125,44.158695220947266,44.20173645019531,44.23648452758789,44.278594970703125,44.32734680175781,44.40013885498047,44.57146072387695,7934,60,5,timesfm_2_5_bizitobs_m8,google/timesfm-2.5-200m-pytorch,google/timesfm-2.5-200m-pytorch,7934,intermittent_bursty,timesfm_2_5_bizitobs_m8_bizitobs_application_short_auto_arima_oral_sidecar_rerun_1783619256,Robot-Shop_dim0,gift-eval:unknown;timesfm:unknown,0
44.28881072998047,512,auto_arima,44.34548202034459,auto_arima,1,128,bizitobs_application/10S/short,Web/CloudOps,44.23686981201172,44.23686981201172,44.35268783569336,44.00084686279297,44.10177993774414,44.16875457763672,44.20020294189453,44.23686981201172,44.286869049072266,44.316810607910156,44.39590835571289,44.59916305541992,7934,60,6,timesfm_2_5_bizitobs_m8,google/timesfm-2.5-200m-pytorch,google/timesfm-2.5-200m-pytorch,7934,intermittent_bursty,timesfm_2_5_bizitobs_m8_bizitobs_application_short_auto_arima_oral_sidecar_rerun_1783619256,Robot-Shop_dim0,gift-eval:unknown;timesfm:unknown,0
44.28881072998047,512,auto_arima,44.36710942894612,auto_arima,1,128,bizitobs_application/10S/short,Web/CloudOps,44.22684097290039,44.22684097290039,44.326515197753906,43.98182678222656,44.08515930175781,44.14231491088867,44.179954528808594,44.22684097290039,44.26137924194336,44.30904769897461,44.38802719116211,44.59305953979492,7934,60,7,timesfm_2_5_bizitobs_m8,google/timesfm-2.5-200m-pytorch,google/timesfm-2.5-200m-pytorch,7934,intermittent_bursty,timesfm_2_5_bizitobs_m8_bizitobs_application_short_auto_arima_oral_sidecar_rerun_1783619256,Robot-Shop_dim0,gift-eval:unknown;timesfm:unknown,0
44.25452423095703,512,auto_arima,44.38710260267857,auto_arima,1,128,bizitobs_application/10S/short,Web/CloudOps,44.24773025512695,44.24773025512695,44.313270568847656,43.98479461669922,44.106624603271484,44.182071685791016,44.195831298828125,44.24773025512695,44.27618408203125,44.31045913696289,44.40277099609375,44.63780212402344,7934,60,8,timesfm_2_5_bizitobs_m8,google/timesfm-2.5-200m-pytorch,google/timesfm-2.5-200m-pytorch,7934,intermittent_bursty,timesfm_2_5_bizitobs_m8_bizitobs_application_short_auto_arima_oral_sidecar_rerun_1783619256,Robot-Shop_dim0,gift-eval:unknown;timesfm:unknown,0
44.31558609008789,512,auto_arima,44.409019700804876,auto_arima,1,128,bizitobs_application/10S/short,Web/CloudOps,44.23728942871094,44.23728942871094,44.32908248901367,44.02437210083008,44.128902435302734,44.17216110229492,44.21196365356445,44.23728942871094,44.28729248046875,44.32447814941406,44.3943977355957,44.62575912475586,7934,60,9,timesfm_2_5_bizitobs_m8,google/timesfm-2.5-200m-pytorch,google/timesfm-2.5-200m-pytorch,7934,intermittent_bursty,timesfm_2_5_bizitobs_m8_bizitobs_application_short_auto_arima_oral_sidecar_rerun_1783619256,Robot-Shop_dim0,gift-eval:unknown;timesfm:unknown,0
44.234947204589844,512,auto_arima,44.430497110252915,auto_arima,1,128,bizitobs_application/10S/short,Web/CloudOps,44.26372146606445,44.26372146606445,44.338287353515625,44.045413970947266,44.13566207885742,44.19664001464844,44.22911071777344,44.26372146606445,44.2902717590332,44.35108184814453,44.41793441772461,44.66200256347656,7934,60,10,timesfm_2_5_bizitobs_m8,google/timesfm-2.5-200m-pytorch,google/timesfm-2.5-200m-pytorch,7934,intermittent_bursty,timesfm_2_5_bizitobs_m8_bizitobs_application_short_auto_arima_oral_sidecar_rerun_1783619256,Robot-Shop_dim0,gift-eval:unknown;timesfm:unknown,0
44.23142623901367,512,auto_arima,44.45154205510305,auto_arima,1,128,bizitobs_application/10S/short,Web/CloudOps,44.25973129272461,44.25973129272461,44.40431594848633,44.05057907104492,44.1175422668457,44.17729187011719,44.221702575683594,44.25973129272461,44.29287338256836,44.35331726074219,44.433815002441406,44.68080139160156,7934,60,11,timesfm_2_5_bizitobs_m8,google/timesfm-2.5-200m-pytorch,google/timesfm-2.5-200m-pytorch,7934,intermittent_bursty,timesfm_2_5_bizitobs_m8_bizitobs_application_short_auto_arima_oral_sidecar_rerun_1783619256,Robot-Shop_dim0,gift-eval:unknown;timesfm:unknown,0
44.39561462402344,512,auto_arima,44.4729632456429,auto_arima,1,128,bizitobs_application/10S/short,Web/CloudOps,44.27984619140625,44.27984619140625,44.421424865722656,44.04254913330078,44.15528869628906,44.19038391113281,44.22637176513672,44.27984619140625,44.322105407714844,44.38945007324219,44.46774673461914,44.73184585571289,7934,60,12,timesfm_2_5_bizitobs_m8,google/timesfm-2.5-200m-pytorch,google/timesfm-2.5-200m-pytorch,7934,intermittent_bursty,timesfm_2_5_bizitobs_m8_bizitobs_application_short_auto_arima_oral_sidecar_rerun_1783619256,Robot-Shop_dim0,gift-eval:unknown;timesfm:unknown,0
44.3031120300293,512,auto_arima,44.49433724837107,auto_arima,1,128,bizitobs_application/10S/short,Web/CloudOps,44.27117919921875,44.27117919921875,44.3754768371582,44.04873275756836,44.11396408081055,44.19362258911133,44.254085540771484,44.27117919921875,44.299949645996094,44.34828567504883,44.447608947753906,44.77436828613281,7934,60,13,timesfm_2_5_bizitobs_m8,google/timesfm-2.5-200m-pytorch,google/timesfm-2.5-200m-pytorch,7934,intermittent_bursty,timesfm_2_5_bizitobs_m8_bizitobs_application_short_auto_arima_oral_sidecar_rerun_1783619256,Robot-Shop_dim0,gift-eval:unknown;timesfm:unknown,0
44.3031120300293,512,auto_arima,44.51560648227739,auto_arima,1,128,bizitobs_application/10S/short,Web/CloudOps,44.280540466308594,44.280540466308594,44.41127395629883,44.03929138183594,44.1373405456543,44.17599868774414,44.22320556640625,44.280540466308594,44.33733367919922,44.38471221923828,44.467247009277344,44.77626419067383,7934,60,14,timesfm_2_5_bizitobs_m8,google/timesfm-2.5-200m-pytorch,google/timesfm-2.5-200m-pytorch,7934,intermittent_bursty,timesfm_2_5_bizitobs_m8_bizitobs_application_short_auto_arima_oral_sidecar_rerun_1783619256,Robot-Shop_dim0,gift-eval:unknown;timesfm:unknown,0
44.53462600708008,512,auto_arima,44.536946470886576,auto_arima,1,128,bizitobs_application/10S/short,Web/CloudOps,44.278663635253906,44.278663635253906,44.414581298828125,44.06086730957031,44.145668029785156,44.18502426147461,44.23788833618164,44.278663635253906,44.33380889892578,44.3908805847168,44.48462677001953,44.82388687133789,7934,60,15,timesfm_2_5_bizitobs_m8,google/timesfm-2.5-200m-pytorch,google/timesfm-2.5-200m-pytorch,7934,intermittent_bursty,timesfm_2_5_bizitobs_m8_bizitobs_application_short_auto_arima_oral_sidecar_rerun_1783619256,Robot-Shop_dim0,gift-eval:unknown;timesfm:unknown,0
44.445350646972656,512,auto_arima,44.55828564355481,auto_arima,1,128,bizitobs_application/10S/short,Web/CloudOps,44.281837463378906,44.281837463378906,44.36782455444336,44.043067932128906,44.13992691040039,44.19672393798828,44.230892181396484,44.281837463378906,44.34689712524414,44.386592864990234,44.489479064941406,44.875850677490234,7934,60,16,timesfm_2_5_bizitobs_m8,google/timesfm-2.5-200m-pytorch,google/timesfm-2.5-200m-pytorch,7934,intermittent_bursty,timesfm_2_5_bizitobs_m8_bizitobs_application_short_auto_arima_oral_sidecar_rerun_1783619256,Robot-Shop_dim0,gift-eval:unknown;timesfm:unknown,0
44.4907112121582,512,auto_arima,44.579600919649266,auto_arima,1,128,bizitobs_application/10S/short,Web/CloudOps,44.2721061706543,44.2721061706543,44.39317321777344,44.02085876464844,44.11656951904297,44.181976318359375,44.208282470703125,44.2721061706543,44.320133209228516,44.38078308105469,44.49774932861328,44.871097564697266,7934,60,17,timesfm_2_5_bizitobs_m8,google/timesfm-2.5-200m-pytorch,google/timesfm-2.5-200m-pytorch,7934,intermittent_bursty,timesfm_2_5_bizitobs_m8_bizitobs_application_short_auto_arima_oral_sidecar_rerun_1783619256,Robot-Shop_dim0,gift-eval:unknown;timesfm:unknown,0
44.23474884033203,512,auto_arima,44.60092891487274,auto_arima,1,128,bizitobs_application/10S/short,Web/CloudOps,44.276023864746094,44.276023864746094,44.39784622192383,44.03382873535156,44.12398147583008,44.199798583984375,44.232177734375,44.276023864746094,44.31330490112305,44.37915802001953,44.51335906982422,44.91846466064453,7934,60,18,timesfm_2_5_bizitobs_m8,google/timesfm-2.5-200m-pytorch,google/timesfm-2.5-200m-pytorch,7934,intermittent_bursty,timesfm_2_5_bizitobs_m8_bizitobs_application_short_auto_arima_oral_sidecar_rerun_1783619256,Robot-Shop_dim0,gift-eval:unknown;timesfm:unknown,0
44.41264343261719,512,auto_arima,44.622258503759355,auto_arima,1,128,bizitobs_application/10S/short,Web/CloudOps,44.25971984863281,44.25971984863281,44.46944046020508,44.0049934387207,44.105289459228516,44.1785774230957,44.21772766113281,44.25971984863281,44.31660461425781,44.380279541015625,44.512054443359375,44.948150634765625,7934,60,19,timesfm_2_5_bizitobs_m8,google/timesfm-2.5-200m-pytorch,google/timesfm-2.5-200m-pytorch,7934,intermittent_bursty,timesfm_2_5_bizitobs_m8_bizitobs_application_short_auto_arima_oral_sidecar_rerun_1783619256,Robot-Shop_dim0,gift-eval:unknown;timesfm:unknown,0
44.30394744873047,512,auto_arima,44.64358289102631,auto_arima,1,128,bizitobs_application/10S/short,Web/CloudOps,44.25845718383789,44.25845718383789,44.396690368652344,44.01610565185547,44.126583099365234,44.187957763671875,44.246681213378906,44.25845718383789,44.301795959472656,44.385318756103516,44.50918960571289,44.99590301513672,7934,60,20,timesfm_2_5_bizitobs_m8,google/timesfm-2.5-200m-pytorch,google/timesfm-2.5-200m-pytorch,7934,intermittent_bursty,timesfm_2_5_bizitobs_m8_bizitobs_application_short_auto_arima_oral_sidecar_rerun_1783619256,Robot-Shop_dim0,gift-eval:unknown;timesfm:unknown,0
44.027862548828125,512,auto_arima,44.66490943803572,auto_arima,1,128,bizitobs_application/10S/short,Web/CloudOps,44.257598876953125,44.257598876953125,44.3899040222168,44.027713775634766,44.135704040527344,44.186912536621094,44.223514556884766,44.257598876953125,44.30207061767578,44.38200378417969,44.511714935302734,44.94721221923828,7934,60,21,timesfm_2_5_bizitobs_m8,google/timesfm-2.5-200m-pytorch,google/timesfm-2.5-200m-pytorch,7934,intermittent_bursty,timesfm_2_5_bizitobs_m8_bizitobs_application_short_auto_arima_oral_sidecar_rerun_1783619256,Robot-Shop_dim0,gift-eval:unknown;timesfm:unknown,0
44.0529670715332,512,auto_arima,44.68623664886451,auto_arima,1,128,bizitobs_application/10S/short,Web/CloudOps,44.277099609375,44.277099609375,44.404605865478516,44.050621032714844,44.160858154296875,44.199283599853516,44.23762512207031,44.277099609375,44.32261276245117,44.39034652709961,44.53659439086914,44.973297119140625,7934,60,22,timesfm_2_5_bizitobs_m8,google/timesfm-2.5-200m-pytorch,google/timesfm-2.5-200m-pytorch,7934,intermittent_bursty,timesfm_2_5_bizitobs_m8_bizitobs_application_short_auto_arima_oral_sidecar_rerun_1783619256,Robot-Shop_dim0,gift-eval:unknown;timesfm:unknown,0
44.42180633544922,512,auto_arima,44.7075627717698,auto_arima,1,128,bizitobs_application/10S/short,Web/CloudOps,44.265445709228516,44.265445709228516,44.38569641113281,44.05611801147461,44.14440155029297,44.199913024902344,44.22630310058594,44.265445709228516,44.32595443725586,44.387210845947266,44.543033599853516,45.0020637512207,7934,60,23,timesfm_2_5_bizitobs_m8,google/timesfm-2.5-200m-pytorch,google/timesfm-2.5-200m-pytorch,7934,intermittent_bursty,timesfm_2_5_bizitobs_m8_bizitobs_application_short_auto_arima_oral_sidecar_rerun_1783619256,Robot-Shop_dim0,gift-eval:unknown;timesfm:unknown,0
44.452796936035156,512,auto_arima,44.72888923277969,auto_arima,1,128,bizitobs_application/10S/short,Web/CloudOps,44.278968811035156,44.278968811035156,44.46356964111328,44.04964828491211,44.14113998413086,44.22187042236328,44.253875732421875,44.278968811035156,44.3201904296875,44.40153884887695,44.561588287353516,45.05206298828125,7934,60,24,timesfm_2_5_bizitobs_m8,google/timesfm-2.5-200m-pytorch,google/timesfm-2.5-200m-pytorch,7934,intermittent_bursty,timesfm_2_5_bizitobs_m8_bizitobs_application_short_auto_arima_oral_sidecar_rerun_1783619256,Robot-Shop_dim0,gift-eval:unknown;timesfm:unknown,0
44.55524826049805,512,auto_arima,44.75021589176305,auto_arima,1,128,bizitobs_application/10S/short,Web/CloudOps,44.272987365722656,44.272987365722656,44.39195251464844,44.0025634765625,44.122474670410156,44.16862869262695,44.221370697021484,44.272987365722656,44.3443489074707,44.420963287353516,44.555545806884766,45.095088958740234,7934,60,25,timesfm_2_5_bizitobs_m8,google/timesfm-2.5-200m-pytorch,google/timesfm-2.5-200m-pytorch,7934,intermittent_bursty,timesfm_2_5_bizitobs_m8_bizitobs_application_short_auto_arima_oral_sidecar_rerun_1783619256,Robot-Shop_dim0,gift-eval:unknown;timesfm:unknown,0
44.52886199951172,512,auto_arima,44.771542331476766,auto_arima,1,128,bizitobs_application/10S/short,Web/CloudOps,44.27738952636719,44.27738952636719,44.441009521484375,43.99934387207031,44.122764587402344,44.175357818603516,44.22946548461914,44.27738952636719,44.33949661254883,44.42149353027344,44.592166900634766,45.12517547607422,7934,60,26,timesfm_2_5_bizitobs_m8,google/timesfm-2.5-200m-pytorch,google/timesfm-2.5-200m-pytorch,7934,intermittent_bursty,timesfm_2_5_bizitobs_m8_bizitobs_application_short_auto_arima_oral_sidecar_rerun_1783619256,Robot-Shop_dim0,gift-eval:unknown;timesfm:unknown,0
44.616973876953125,512,auto_arima,44.792868817273245,auto_arima,1,128,bizitobs_application/10S/short,Web/CloudOps,44.28748321533203,44.28748321533203,44.4454345703125,44.03437805175781,44.13855743408203,44.187801361083984,44.2375373840332,44.28748321533203,44.35628890991211,44.44401550292969,44.61616516113281,45.16568374633789,7934,60,27,timesfm_2_5_bizitobs_m8,google/timesfm-2.5-200m-pytorch,google/timesfm-2.5-200m-pytorch,7934,intermittent_bursty,timesfm_2_5_bizitobs_m8_bizitobs_application_short_auto_arima_oral_sidecar_rerun_1783619256,Robot-Shop_dim0,gift-eval:unknown;timesfm:unknown,0
44.5633659362793,512,auto_arima,44.814195354454654,auto_arima,1,128,bizitobs_application/10S/short,Web/CloudOps,44.2960319519043,44.2960319519043,44.49150466918945,44.020328521728516,44.15034103393555,44.20769119262695,44.25516128540039,44.2960319519043,44.34928512573242,44.45294952392578,44.63358688354492,45.19068908691406,7934,60,28,timesfm_2_5_bizitobs_m8,google/timesfm-2.5-200m-pytorch,google/timesfm-2.5-200m-pytorch,7934,intermittent_bursty,timesfm_2_5_bizitobs_m8_bizitobs_application_short_auto_arima_oral_sidecar_rerun_1783619256,Robot-Shop_dim0,gift-eval:unknown;timesfm:unknown,0
44.52513122558594,512,auto_arima,44.83552184904862,auto_arima,1,128,bizitobs_application/10S/short,Web/CloudOps,44.26102066040039,44.26102066040039,44.441749572753906,43.97624206542969,44.11494445800781,44.17721176147461,44.223304748535156,44.26102066040039,44.29774475097656,44.3830451965332,44.588279724121094,45.178157806396484,7934,60,29,timesfm_2_5_bizitobs_m8,google/timesfm-2.5-200m-pytorch,google/timesfm-2.5-200m-pytorch,7934,intermittent_bursty,timesfm_2_5_bizitobs_m8_bizitobs_application_short_auto_arima_oral_sidecar_rerun_1783619256,Robot-Shop_dim0,gift-eval:unknown;timesfm:unknown,0
44.34394836425781,512,auto_arima,44.85684834814711,auto_arima,1,128,bizitobs_application/10S/short,Web/CloudOps,44.2706413269043,44.2706413269043,44.48292541503906,43.957618713378906,44.1163215637207,44.1855583190918,44.2064094543457,44.2706413269043,44.35808181762695,44.42532730102539,44.61897659301758,45.269989013671875,7934,60,30,timesfm_2_5_bizitobs_m8,google/timesfm-2.5-200m-pytorch,google/timesfm-2.5-200m-pytorch,7934,intermittent_bursty,timesfm_2_5_bizitobs_m8_bizitobs_application_short_auto_arima_oral_sidecar_rerun_1783619256,Robot-Shop_dim0,gift-eval:unknown;timesfm:unknown,0
44.48978042602539,512,auto_arima,44.87817485953995,auto_arima,1,128,bizitobs_application/10S/short,Web/CloudOps,44.27500534057617,44.27500534057617,44.46335983276367,43.9499626159668,44.0970573425293,44.19338607788086,44.225128173828125,44.27500534057617,44.33917236328125,44.42558670043945,44.67290496826172,45.33173370361328,7934,60,31,timesfm_2_5_bizitobs_m8,google/timesfm-2.5-200m-pytorch,google/timesfm-2.5-200m-pytorch,7934,intermittent_bursty,timesfm_2_5_bizitobs_m8_bizitobs_application_short_auto_arima_oral_sidecar_rerun_1783619256,Robot-Shop_dim0,gift-eval:unknown;timesfm:unknown,0
44.6412239074707,512,auto_arima,44.89950136298495,auto_arima,1,128,bizitobs_application/10S/short,Web/CloudOps,44.2740364074707,44.2740364074707,44.4825553894043,43.95172882080078,44.09576416015625,44.18781280517578,44.23431396484375,44.2740364074707,44.32936096191406,44.449893951416016,44.640010833740234,45.33139419555664,7934,60,32,timesfm_2_5_bizitobs_m8,google/timesfm-2.5-200m-pytorch,google/timesfm-2.5-200m-pytorch,7934,intermittent_bursty,timesfm_2_5_bizitobs_m8_bizitobs_application_short_auto_arima_oral_sidecar_rerun_1783619256,Robot-Shop_dim0,gift-eval:unknown;timesfm:unknown,0
44.97462844848633,512,auto_arima,44.9208278663409,auto_arima,1,128,bizitobs_application/10S/short,Web/CloudOps,44.289615631103516,44.289615631103516,44.464149475097656,43.9989128112793,44.13356399536133,44.20204544067383,44.2435302734375,44.289615631103516,44.34507751464844,44.45158386230469,44.66108322143555,45.33197021484375,7934,60,33,timesfm_2_5_bizitobs_m8,google/timesfm-2.5-200m-pytorch,google/timesfm-2.5-200m-pytorch,7934,intermittent_bursty,timesfm_2_5_bizitobs_m8_bizitobs_application_short_auto_arima_oral_sidecar_rerun_1783619256,Robot-Shop_dim0,gift-eval:unknown;timesfm:unknown,0
44.921749114990234,512,auto_arima,44.9421543724752,auto_arima,1,128,bizitobs_application/10S/short,Web/CloudOps,44.275516510009766,44.275516510009766,44.461814880371094,43.96648025512695,44.12554168701172,44.18535614013672,44.22686767578125,44.275516510009766,44.33480453491211,44.43537139892578,44.63151931762695,45.33160400390625,7934,60,34,timesfm_2_5_bizitobs_m8,google/timesfm-2.5-200m-pytorch,google/timesfm-2.5-200m-pytorch,7934,intermittent_bursty,timesfm_2_5_bizitobs_m8_bizitobs_application_short_auto_arima_oral_sidecar_rerun_1783619256,Robot-Shop_dim0,gift-eval:unknown;timesfm:unknown,0
44.84814453125,512,auto_arima,44.963480877193916,auto_arima,1,128,bizitobs_application/10S/short,Web/CloudOps,44.26473617553711,44.26473617553711,44.44096374511719,43.993751525878906,44.11023712158203,44.18838119506836,44.218318939208984,44.26473617553711,44.322330474853516,44.39516067504883,44.60395812988281,45.2803840637207,7934,60,35,timesfm_2_5_bizitobs_m8,google/timesfm-2.5-200m-pytorch,google/timesfm-2.5-200m-pytorch,7934,intermittent_bursty,timesfm_2_5_bizitobs_m8_bizitobs_application_short_auto_arima_oral_sidecar_rerun_1783619256,Robot-Shop_dim0,gift-eval:unknown;timesfm:unknown,0
44.84814453125,512,auto_arima,44.98480738169444,auto_arima,1,128,bizitobs_application/10S/short,Web/CloudOps,44.275367736816406,44.275367736816406,44.52595520019531,43.99216079711914,44.12879180908203,44.17289733886719,44.21852111816406,44.275367736816406,44.3136100769043,44.421302795410156,44.587371826171875,45.31072235107422,7934,60,36,timesfm_2_5_bizitobs_m8,google/timesfm-2.5-200m-pytorch,google/timesfm-2.5-200m-pytorch,7934,intermittent_bursty,timesfm_2_5_bizitobs_m8_bizitobs_application_short_auto_arima_oral_sidecar_rerun_1783619256,Robot-Shop_dim0,gift-eval:unknown;timesfm:unknown,0
44.88044357299805,512,auto_arima,45.006133886795126,auto_arima,1,128,bizitobs_application/10S/short,Web/CloudOps,44.301429748535156,44.301429748535156,44.467185974121094,44.008174896240234,44.1570930480957,44.21293640136719,44.258460998535156,44.301429748535156,44.343421936035156,44.451568603515625,44.652244567871094,45.353031158447266,7934,60,37,timesfm_2_5_bizitobs_m8,google/timesfm-2.5-200m-pytorch,google/timesfm-2.5-200m-pytorch,7934,intermittent_bursty,timesfm_2_5_bizitobs_m8_bizitobs_application_short_auto_arima_oral_sidecar_rerun_1783619256,Robot-Shop_dim0,gift-eval:unknown;timesfm:unknown,0
44.88044357299805,512,auto_arima,45.02746039165842,auto_arima,1,128,bizitobs_application/10S/short,Web/CloudOps,44.2957878112793,44.2957878112793,44.4918098449707,44.00090408325195,44.11902618408203,44.18973159790039,44.24081802368164,44.2957878112793,44.33823013305664,44.44393539428711,44.63861083984375,45.38288879394531,7934,60,38,timesfm_2_5_bizitobs_m8,google/timesfm-2.5-200m-pytorch,google/timesfm-2.5-200m-pytorch,7934,intermittent_bursty,timesfm_2_5_bizitobs_m8_bizitobs_application_short_auto_arima_oral_sidecar_rerun_1783619256,Robot-Shop_dim0,gift-eval:unknown;timesfm:unknown,0
45.02894592285156,512,auto_arima,45.04878689643898,auto_arima,1,128,bizitobs_application/10S/short,Web/CloudOps,44.310062408447266,44.310062408447266,44.478904724121094,44.022762298583984,44.15937805175781,44.20198059082031,44.282108306884766,44.310062408447266,44.34620666503906,44.452877044677734,44.66988754272461,45.402591705322266,7934,60,39,timesfm_2_5_bizitobs_m8,google/timesfm-2.5-200m-pytorch,google/timesfm-2.5-200m-pytorch,7934,intermittent_bursty,timesfm_2_5_bizitobs_m8_bizitobs_application_short_auto_arima_oral_sidecar_rerun_1783619256,Robot-Shop_dim0,gift-eval:unknown;timesfm:unknown,0
45.02894592285156,512,auto_arima,45.070113401344216,auto_arima,1,128,bizitobs_application/10S/short,Web/CloudOps,44.309288024902344,44.309288024902344,44.528564453125,44.05244445800781,44.16987228393555,44.214420318603516,44.26707458496094,44.309288024902344,44.37875747680664,44.4541015625,44.669212341308594,45.425270080566406,7934,60,40,timesfm_2_5_bizitobs_m8,google/timesfm-2.5-200m-pytorch,google/timesfm-2.5-200m-pytorch,7934,intermittent_bursty,timesfm_2_5_bizitobs_m8_bizitobs_application_short_auto_arima_oral_sidecar_rerun_1783619256,Robot-Shop_dim0,gift-eval:unknown;timesfm:unknown,0
45.02894592285156,512,auto_arima,45.091439906213,auto_arima,1,128,bizitobs_application/10S/short,Web/CloudOps,44.29118728637695,44.29118728637695,44.499324798583984,44.02825164794922,44.159183502197266,44.20361328125,44.2585334777832,44.29118728637695,44.324012756347656,44.413963317871094,44.627647399902344,45.42839050292969,7934,60,41,timesfm_2_5_bizitobs_m8,google/timesfm-2.5-200m-pytorch,google/timesfm-2.5-200m-pytorch,7934,intermittent_bursty,timesfm_2_5_bizitobs_m8_bizitobs_application_short_auto_arima_oral_sidecar_rerun_1783619256,Robot-Shop_dim0,gift-eval:unknown;timesfm:unknown,0
45.02894592285156,512,auto_arima,45.112766411057905,auto_arima,1,128,bizitobs_application/10S/short,Web/CloudOps,44.298099517822266,44.298099517822266,44.5040283203125,44.069766998291016,44.17298126220703,44.229793548583984,44.2717170715332,44.298099517822266,44.353267669677734,44.43083953857422,44.64073181152344,45.443092346191406,7934,60,42,timesfm_2_5_bizitobs_m8,google/timesfm-2.5-200m-pytorch,google/timesfm-2.5-200m-pytorch,7934,intermittent_bursty,timesfm_2_5_bizitobs_m8_bizitobs_application_short_auto_arima_oral_sidecar_rerun_1783619256,Robot-Shop_dim0,gift-eval:unknown;timesfm:unknown,0
44.939537048339844,512,auto_arima,45.134092915927766,auto_arima,1,128,bizitobs_application/10S/short,Web/CloudOps,44.29814529418945,44.29814529418945,44.53054428100586,44.079471588134766,44.20894241333008,44.26591491699219,44.292701721191406,44.29814529418945,44.35639953613281,44.426021575927734,44.68452835083008,45.46961212158203,7934,60,43,timesfm_2_5_bizitobs_m8,google/timesfm-2.5-200m-pytorch,google/timesfm-2.5-200m-pytorch,7934,intermittent_bursty,timesfm_2_5_bizitobs_m8_bizitobs_application_short_auto_arima_oral_sidecar_rerun_1783619256,Robot-Shop_dim0,gift-eval:unknown;timesfm:unknown,0
44.939537048339844,512,auto_arima,45.15541942079284,auto_arima,1,128,bizitobs_application/10S/short,Web/CloudOps,44.301177978515625,44.301177978515625,44.50860595703125,44.075965881347656,44.20846939086914,44.267539978027344,44.29195022583008,44.301177978515625,44.35130310058594,44.45303726196289,44.67237854003906,45.47952651977539,7934,60,44,timesfm_2_5_bizitobs_m8,google/timesfm-2.5-200m-pytorch,google/timesfm-2.5-200m-pytorch,7934,intermittent_bursty,timesfm_2_5_bizitobs_m8_bizitobs_application_short_auto_arima_oral_sidecar_rerun_1783619256,Robot-Shop_dim0,gift-eval:unknown;timesfm:unknown,0
44.411895751953125,512,auto_arima,45.176745925651815,auto_arima,1,128,bizitobs_application/10S/short,Web/CloudOps,44.3073844909668,44.3073844909668,44.52237319946289,44.06947708129883,44.2095832824707,44.25642395019531,44.275516510009766,44.3073844909668,44.348812103271484,44.44731140136719,44.709808349609375,45.50666809082031,7934,60,45,timesfm_2_5_bizitobs_m8,google/timesfm-2.5-200m-pytorch,google/timesfm-2.5-200m-pytorch,7934,intermittent_bursty,timesfm_2_5_bizitobs_m8_bizitobs_application_short_auto_arima_oral_sidecar_rerun_1783619256,Robot-Shop_dim0,gift-eval:unknown;timesfm:unknown,0
44.411895751953125,512,auto_arima,45.19807243051561,auto_arima,1,128,bizitobs_application/10S/short,Web/CloudOps,44.31956481933594,44.31956481933594,44.529300689697266,44.08369827270508,44.19808578491211,44.25861740112305,44.28193664550781,44.31956481933594,44.37675476074219,44.450836181640625,44.73491668701172,45.52938461303711,7934,60,46,timesfm_2_5_bizitobs_m8,google/timesfm-2.5-200m-pytorch,google/timesfm-2.5-200m-pytorch,7934,intermittent_bursty,timesfm_2_5_bizitobs_m8_bizitobs_application_short_auto_arima_oral_sidecar_rerun_1783619256,Robot-Shop_dim0,gift-eval:unknown;timesfm:unknown,0
44.82858657836914,512,auto_arima,45.21939893537899,auto_arima,1,128,bizitobs_application/10S/short,Web/CloudOps,44.32209777832031,44.32209777832031,44.49441146850586,44.051544189453125,44.195457458496094,44.24911117553711,44.27709197998047,44.32209777832031,44.39506530761719,44.46470260620117,44.732147216796875,45.563167572021484,7934,60,47,timesfm_2_5_bizitobs_m8,google/timesfm-2.5-200m-pytorch,google/timesfm-2.5-200m-pytorch,7934,intermittent_bursty,timesfm_2_5_bizitobs_m8_bizitobs_application_short_auto_arima_oral_sidecar_rerun_1783619256,Robot-Shop_dim0,gift-eval:unknown;timesfm:unknown,0
44.82858657836914,512,auto_arima,45.24072544024094,auto_arima,1,128,bizitobs_application/10S/short,Web/CloudOps,44.306034088134766,44.306034088134766,44.54698181152344,44.065765380859375,44.185813903808594,44.23979568481445,44.25841522216797,44.306034088134766,44.38154983520508,44.438785552978516,44.70331954956055,45.544281005859375,7934,60,48,timesfm_2_5_bizitobs_m8,google/timesfm-2.5-200m-pytorch,google/timesfm-2.5-200m-pytorch,7934,intermittent_bursty,timesfm_2_5_bizitobs_m8_bizitobs_application_short_auto_arima_oral_sidecar_rerun_1783619256,Robot-Shop_dim0,gift-eval:unknown;timesfm:unknown,0
44.82858657836914,512,auto_arima,45.26205194510378,auto_arima,1,128,bizitobs_application/10S/short,Web/CloudOps,44.30181884765625,44.30181884765625,44.544944763183594,44.05867385864258,44.17470932006836,44.238258361816406,44.28300094604492,44.30181884765625,44.353370666503906,44.451683044433594,44.72587203979492,45.59541702270508,7934,60,49,timesfm_2_5_bizitobs_m8,google/timesfm-2.5-200m-pytorch,google/timesfm-2.5-200m-pytorch,7934,intermittent_bursty,timesfm_2_5_bizitobs_m8_bizitobs_application_short_auto_arima_oral_sidecar_rerun_1783619256,Robot-Shop_dim0,gift-eval:unknown;timesfm:unknown,0
44.937217712402344,512,auto_arima,45.28337844996665,auto_arima,1,128,bizitobs_application/10S/short,Web/CloudOps,44.32472610473633,44.32472610473633,44.536956787109375,44.05312728881836,44.172000885009766,44.219482421875,44.274105072021484,44.32472610473633,44.37718963623047,44.4957389831543,44.75665283203125,45.63312911987305,7934,60,50,timesfm_2_5_bizitobs_m8,google/timesfm-2.5-200m-pytorch,google/timesfm-2.5-200m-pytorch,7934,intermittent_bursty,timesfm_2_5_bizitobs_m8_bizitobs_application_short_auto_arima_oral_sidecar_rerun_1783619256,Robot-Shop_dim0,gift-eval:unknown;timesfm:unknown,0
45.019012451171875,512,auto_arima,45.30470495482919,auto_arima,1,128,bizitobs_application/10S/short,Web/CloudOps,44.330223083496094,44.330223083496094,44.616764068603516,44.05561828613281,44.196044921875,44.24359893798828,44.287662506103516,44.330223083496094,44.4037971496582,44.495201110839844,44.78241729736328,45.6867561340332,7934,60,51,timesfm_2_5_bizitobs_m8,google/timesfm-2.5-200m-pytorch,google/timesfm-2.5-200m-pytorch,7934,intermittent_bursty,timesfm_2_5_bizitobs_m8_bizitobs_application_short_auto_arima_oral_sidecar_rerun_1783619256,Robot-Shop_dim0,gift-eval:unknown;timesfm:unknown,0
45.06950378417969,512,auto_arima,45.32603145969189,auto_arima,1,128,bizitobs_application/10S/short,Web/CloudOps,44.326358795166016,44.326358795166016,44.550621032714844,44.043174743652344,44.14076232910156,44.2287712097168,44.27339553833008,44.326358795166016,44.398460388183594,44.50962448120117,44.806278228759766,45.70378112792969,7934,60,52,timesfm_2_5_bizitobs_m8,google/timesfm-2.5-200m-pytorch,google/timesfm-2.5-200m-pytorch,7934,intermittent_bursty,timesfm_2_5_bizitobs_m8_bizitobs_application_short_auto_arima_oral_sidecar_rerun_1783619256,Robot-Shop_dim0,gift-eval:unknown;timesfm:unknown,0
44.966678619384766,512,auto_arima,45.34735796455462,auto_arima,1,128,bizitobs_application/10S/short,Web/CloudOps,44.327880859375,44.327880859375,44.579532623291016,43.996822357177734,44.17178726196289,44.24051284790039,44.28355026245117,44.327880859375,44.397315979003906,44.518611907958984,44.83137893676758,45.80191421508789,7934,60,53,timesfm_2_5_bizitobs_m8,google/timesfm-2.5-200m-pytorch,google/timesfm-2.5-200m-pytorch,7934,intermittent_bursty,timesfm_2_5_bizitobs_m8_bizitobs_application_short_auto_arima_oral_sidecar_rerun_1783619256,Robot-Shop_dim0,gift-eval:unknown;timesfm:unknown,0
44.966678619384766,512,auto_arima,45.368684469417275,auto_arima,1,128,bizitobs_application/10S/short,Web/CloudOps,44.33168029785156,44.33168029785156,44.56715393066406,44.01430892944336,44.14985275268555,44.236026763916016,44.284183502197266,44.33168029785156,44.39992904663086,44.5230712890625,44.838932037353516,45.79969787597656,7934,60,54,timesfm_2_5_bizitobs_m8,google/timesfm-2.5-200m-pytorch,google/timesfm-2.5-200m-pytorch,7934,intermittent_bursty,timesfm_2_5_bizitobs_m8_bizitobs_application_short_auto_arima_oral_sidecar_rerun_1783619256,Robot-Shop_dim0,gift-eval:unknown;timesfm:unknown,0
45.0367317199707,512,auto_arima,45.39001097427996,auto_arima,1,128,bizitobs_application/10S/short,Web/CloudOps,44.332088470458984,44.332088470458984,44.575923919677734,43.99365234375,44.142879486083984,44.206642150878906,44.260353088378906,44.332088470458984,44.40952682495117,44.5339469909668,44.87248229980469,45.81534194946289,7934,60,55,timesfm_2_5_bizitobs_m8,google/timesfm-2.5-200m-pytorch,google/timesfm-2.5-200m-pytorch,7934,intermittent_bursty,timesfm_2_5_bizitobs_m8_bizitobs_application_short_auto_arima_oral_sidecar_rerun_1783619256,Robot-Shop_dim0,gift-eval:unknown;timesfm:unknown,0
45.0367317199707,512,auto_arima,45.41133747914266,auto_arima,1,128,bizitobs_application/10S/short,Web/CloudOps,44.337032318115234,44.337032318115234,44.658836364746094,43.999298095703125,44.151466369628906,44.23828125,44.26760482788086,44.337032318115234,44.41053771972656,44.5487060546875,44.880470275878906,45.899627685546875,7934,60,56,timesfm_2_5_bizitobs_m8,google/timesfm-2.5-200m-pytorch,google/timesfm-2.5-200m-pytorch,7934,intermittent_bursty,timesfm_2_5_bizitobs_m8_bizitobs_application_short_auto_arima_oral_sidecar_rerun_1783619256,Robot-Shop_dim0,gift-eval:unknown;timesfm:unknown,0
45.0367317199707,512,auto_arima,45.432663984005345,auto_arima,1,128,bizitobs_application/10S/short,Web/CloudOps,44.34918212890625,44.34918212890625,44.67462921142578,43.9755859375,44.15428924560547,44.24894714355469,44.29201889038086,44.34918212890625,44.41847229003906,44.52436447143555,44.91041946411133,45.94263458251953,7934,60,57,timesfm_2_5_bizitobs_m8,google/timesfm-2.5-200m-pytorch,google/timesfm-2.5-200m-pytorch,7934,intermittent_bursty,timesfm_2_5_bizitobs_m8_bizitobs_application_short_auto_arima_oral_sidecar_rerun_1783619256,Robot-Shop_dim0,gift-eval:unknown;timesfm:unknown,0
44.823177337646484,512,auto_arima,45.45399048886803,auto_arima,1,128,bizitobs_application/10S/short,Web/CloudOps,44.35137939453125,44.35137939453125,44.66025924682617,43.981346130371094,44.14252853393555,44.20905303955078,44.285621643066406,44.35137939453125,44.41487503051758,44.57720947265625,44.90543746948242,45.93625259399414,7934,60,58,timesfm_2_5_bizitobs_m8,google/timesfm-2.5-200m-pytorch,google/timesfm-2.5-200m-pytorch,7934,intermittent_bursty,timesfm_2_5_bizitobs_m8_bizitobs_application_short_auto_arima_oral_sidecar_rerun_1783619256,Robot-Shop_dim0,gift-eval:unknown;timesfm:unknown,0
44.823177337646484,512,auto_arima,45.475316993730715,auto_arima,1,128,bizitobs_application/10S/short,Web/CloudOps,44.36894989013672,44.36894989013672,44.70276641845703,43.99919891357422,44.150726318359375,44.22453308105469,44.29228973388672,44.36894989013672,44.440269470214844,44.60441207885742,44.957088470458984,45.950435638427734,7934,60,59,timesfm_2_5_bizitobs_m8,google/timesfm-2.5-200m-pytorch,google/timesfm-2.5-200m-pytorch,7934,intermittent_bursty,timesfm_2_5_bizitobs_m8_bizitobs_application_short_auto_arima_oral_sidecar_rerun_1783619256,Robot-Shop_dim0,gift-eval:unknown;timesfm:unknown,0
45.073062896728516,512,auto_arima,45.4966434985934,auto_arima,1,128,bizitobs_application/10S/short,Web/CloudOps,44.358707427978516,44.358707427978516,44.68323516845703,43.97154235839844,44.12922286987305,44.22726821899414,44.28083419799805,44.358707427978516,44.43719482421875,44.60114669799805,44.97846603393555,46.00478744506836,7934,60,60,timesfm_2_5_bizitobs_m8,google/timesfm-2.5-200m-pytorch,google/timesfm-2.5-200m-pytorch,7934,intermittent_bursty,timesfm_2_5_bizitobs_m8_bizitobs_application_short_auto_arima_oral_sidecar_rerun_1783619256,Robot-Shop_dim0,gift-eval:unknown;timesfm:unknown,0
51193.0,512,auto_arima,52212.095840867165,auto_arima,1,128,bizitobs_application/10S/short,Web/CloudOps,52069.57421875,52069.57421875,52114.16796875,51616.61328125,51760.39453125,51880.46484375,52005.625,52069.57421875,52128.45703125,52215.0703125,52311.43359375,52454.9609375,7934,60,1,timesfm_2_5_bizitobs_m8,google/timesfm-2.5-200m-pytorch,google/timesfm-2.5-200m-pytorch,7934,intermittent_bursty,timesfm_2_5_bizitobs_m8_bizitobs_application_short_auto_arima_oral_sidecar_rerun_1783619256,Robot-Shop_dim1,gift-eval:unknown;timesfm:unknown,0
51394.0,512,auto_arima,52336.586782869905,auto_arima,1,128,bizitobs_application/10S/short,Web/CloudOps,52027.81640625,52027.81640625,51974.35546875,51541.24609375,51754.921875,51852.66015625,51951.109375,52027.81640625,52102.25,52202.40625,52265.296875,52441.671875,7934,60,2,timesfm_2_5_bizitobs_m8,google/timesfm-2.5-200m-pytorch,google/timesfm-2.5-200m-pytorch,7934,intermittent_bursty,timesfm_2_5_bizitobs_m8_bizitobs_application_short_auto_arima_oral_sidecar_rerun_1783619256,Robot-Shop_dim1,gift-eval:unknown;timesfm:unknown,0
51455.0,512,auto_arima,52394.85057230274,auto_arima,1,128,bizitobs_application/10S/short,Web/CloudOps,52006.421875,52006.421875,52071.03125,51501.4453125,51721.91015625,51841.1328125,51964.8515625,52006.421875,52051.13671875,52151.6796875,52247.5234375,52400.9140625,7934,60,3,timesfm_2_5_bizitobs_m8,google/timesfm-2.5-200m-pytorch,google/timesfm-2.5-200m-pytorch,7934,intermittent_bursty,timesfm_2_5_bizitobs_m8_bizitobs_application_short_auto_arima_oral_sidecar_rerun_1783619256,Robot-Shop_dim1,gift-eval:unknown;timesfm:unknown,0
51265.0,512,auto_arima,52471.33580026902,auto_arima,1,128,bizitobs_application/10S/short,Web/CloudOps,51991.79296875,51991.79296875,51966.25390625,51418.81640625,51709.74609375,51851.2421875,51881.58203125,51991.79296875,52097.04296875,52157.7421875,52230.61328125,52397.92578125,7934,60,4,timesfm_2_5_bizitobs_m8,google/timesfm-2.5-200m-pytorch,google/timesfm-2.5-200m-pytorch,7934,intermittent_bursty,timesfm_2_5_bizitobs_m8_bizitobs_application_short_auto_arima_oral_sidecar_rerun_1783619256,Robot-Shop_dim1,gift-eval:unknown;timesfm:unknown,0
52077.0,512,auto_arima,52554.40307086645,auto_arima,1,128,bizitobs_application/10S/short,Web/CloudOps,52014.97265625,52014.97265625,52035.265625,51480.390625,51723.67578125,51843.71875,51927.234375,52014.97265625,52104.8828125,52173.81640625,52277.32421875,52426.03515625,7934,60,5,timesfm_2_5_bizitobs_m8,google/timesfm-2.5-200m-pytorch,google/timesfm-2.5-200m-pytorch,7934,intermittent_bursty,timesfm_2_5_bizitobs_m8_bizitobs_application_short_auto_arima_oral_sidecar_rerun_1783619256,Robot-Shop_dim1,gift-eval:unknown;timesfm:unknown,0
52077.0,512,auto_arima,52643.98517916303,auto_arima,1,128,bizitobs_application/10S/short,Web/CloudOps,51981.28515625,51981.28515625,51935.37109375,51397.13671875,51678.4296875,51772.23828125,51885.91015625,51981.28515625,52037.05078125,52137.15625,52238.296875,52364.6171875,7934,60,6,timesfm_2_5_bizitobs_m8,google/timesfm-2.5-200m-pytorch,google/timesfm-2.5-200m-pytorch,7934,intermittent_bursty,timesfm_2_5_bizitobs_m8_bizitobs_application_short_auto_arima_oral_sidecar_rerun_1783619256,Robot-Shop_dim1,gift-eval:unknown;timesfm:unknown,0
51252.0,512,auto_arima,52720.70520690885,auto_arima,1,128,bizitobs_application/10S/short,Web/CloudOps,52013.55078125,52013.55078125,52031.07421875,51380.875,51738.6328125,51837.171875,51935.328125,52013.55078125,52095.37109375,52209.08203125,52254.13671875,52450.875,7934,60,7,timesfm_2_5_bizitobs_m8,google/timesfm-2.5-200m-pytorch,google/timesfm-2.5-200m-pytorch,7934,intermittent_bursty,timesfm_2_5_bizitobs_m8_bizitobs_application_short_auto_arima_oral_sidecar_rerun_1783619256,Robot-Shop_dim1,gift-eval:unknown;timesfm:unknown,0
51295.0,512,auto_arima,52803.68336850896,auto_arima,1,128,bizitobs_application/10S/short,Web/CloudOps,51993.5,51993.5,52033.44921875,51312.4140625,51723.33984375,51794.0234375,51915.6484375,51993.5,52117.078125,52155.765625,52260.78515625,52519.88671875,7934,60,8,timesfm_2_5_bizitobs_m8,google/timesfm-2.5-200m-pytorch,google/timesfm-2.5-200m-pytorch,7934,intermittent_bursty,timesfm_2_5_bizitobs_m8_bizitobs_application_short_auto_arima_oral_sidecar_rerun_1783619256,Robot-Shop_dim1,gift-eval:unknown;timesfm:unknown,0
51500.0,512,auto_arima,52884.45607541808,auto_arima,1,128,bizitobs_application/10S/short,Web/CloudOps,51986.39453125,51986.39453125,52009.84375,51318.75,51603.80078125,51765.7734375,51838.921875,51986.39453125,52047.51953125,52160.640625,52209.6796875,52413.69921875,7934,60,9,timesfm_2_5_bizitobs_m8,google/timesfm-2.5-200m-pytorch,google/timesfm-2.5-200m-pytorch,7934,intermittent_bursty,timesfm_2_5_bizitobs_m8_bizitobs_application_short_auto_arima_oral_sidecar_rerun_1783619256,Robot-Shop_dim1,gift-eval:unknown;timesfm:unknown,0
51773.0,512,auto_arima,52968.33825416598,auto_arima,1,128,bizitobs_application/10S/short,Web/CloudOps,51964.9140625,51964.9140625,51952.828125,51252.484375,51561.9140625,51748.6015625,51875.5546875,51964.9140625,52043.0390625,52125.3828125,52248.375,52437.3984375,7934,60,10,timesfm_2_5_bizitobs_m8,google/timesfm-2.5-200m-pytorch,google/timesfm-2.5-200m-pytorch,7934,intermittent_bursty,timesfm_2_5_bizitobs_m8_bizitobs_application_short_auto_arima_oral_sidecar_rerun_1783619256,Robot-Shop_dim1,gift-eval:unknown;timesfm:unknown,0
51920.0,512,auto_arima,53048.73513567191,auto_arima,1,128,bizitobs_application/10S/short,Web/CloudOps,52004.0234375,52004.0234375,51986.203125,51303.6171875,51589.109375,51817.46875,51895.46875,52004.0234375,52158.0703125,52210.8359375,52357.7421875,52488.9921875,7934,60,11,timesfm_2_5_bizitobs_m8,google/timesfm-2.5-200m-pytorch,google/timesfm-2.5-200m-pytorch,7934,intermittent_bursty,timesfm_2_5_bizitobs_m8_bizitobs_application_short_auto_arima_oral_sidecar_rerun_1783619256,Robot-Shop_dim1,gift-eval:unknown;timesfm:unknown,0
51842.0,512,auto_arima,53131.45323439631,auto_arima,1,128,bizitobs_application/10S/short,Web/CloudOps,51981.33984375,51981.33984375,51969.61328125,51127.9609375,51603.453125,51720.34375,51868.046875,51981.33984375,52089.296875,52174.30078125,52264.94921875,52558.26171875,7934,60,12,timesfm_2_5_bizitobs_m8,google/timesfm-2.5-200m-pytorch,google/timesfm-2.5-200m-pytorch,7934,intermittent_bursty,timesfm_2_5_bizitobs_m8_bizitobs_application_short_auto_arima_oral_sidecar_rerun_1783619256,Robot-Shop_dim1,gift-eval:unknown;timesfm:unknown,0
51842.0,512,auto_arima,53212.6853886599,auto_arima,1,128,bizitobs_application/10S/short,Web/CloudOps,51967.27734375,51967.27734375,52013.2421875,51143.98046875,51534.58203125,51702.3046875,51805.375,51967.27734375,52069.921875,52171.0625,52308.0859375,52496.59375,7934,60,13,timesfm_2_5_bizitobs_m8,google/timesfm-2.5-200m-pytorch,google/timesfm-2.5-200m-pytorch,7934,intermittent_bursty,timesfm_2_5_bizitobs_m8_bizitobs_application_short_auto_arima_oral_sidecar_rerun_1783619256,Robot-Shop_dim1,gift-eval:unknown;timesfm:unknown,0
51368.0,512,auto_arima,53295.25541372551,auto_arima,1,128,bizitobs_application/10S/short,Web/CloudOps,51975.3359375,51975.3359375,51985.73828125,51070.56640625,51476.67578125,51687.55078125,51803.81640625,51975.3359375,52050.37890625,52164.0859375,52326.34375,52562.99609375,7934,60,14,timesfm_2_5_bizitobs_m8,google/timesfm-2.5-200m-pytorch,google/timesfm-2.5-200m-pytorch,7934,intermittent_bursty,timesfm_2_5_bizitobs_m8_bizitobs_application_short_auto_arima_oral_sidecar_rerun_1783619256,Robot-Shop_dim1,gift-eval:unknown;timesfm:unknown,0
51673.0,512,auto_arima,53376.62790133145,auto_arima,1,128,bizitobs_application/10S/short,Web/CloudOps,51974.67578125,51974.67578125,51975.19140625,51118.28125,51558.59765625,51694.53515625,51863.4765625,51974.67578125,52090.82421875,52199.35546875,52341.79296875,52570.11328125,7934,60,15,timesfm_2_5_bizitobs_m8,google/timesfm-2.5-200m-pytorch,google/timesfm-2.5-200m-pytorch,7934,intermittent_bursty,timesfm_2_5_bizitobs_m8_bizitobs_application_short_auto_arima_oral_sidecar_rerun_1783619256,Robot-Shop_dim1,gift-eval:unknown;timesfm:unknown,0
51852.0,512,auto_arima,53458.90323946534,auto_arima,1,128,bizitobs_application/10S/short,Web/CloudOps,51959.45703125,51959.45703125,51971.453125,51045.33203125,51514.76953125,51713.26953125,51839.28515625,51959.45703125,52073.7109375,52157.14453125,52307.5390625,52549.60546875,7934,60,16,timesfm_2_5_bizitobs_m8,google/timesfm-2.5-200m-pytorch,google/timesfm-2.5-200m-pytorch,7934,intermittent_bursty,timesfm_2_5_bizitobs_m8_bizitobs_application_short_auto_arima_oral_sidecar_rerun_1783619256,Robot-Shop_dim1,gift-eval:unknown;timesfm:unknown,0
51834.0,512,auto_arima,53540.50633636406,auto_arima,1,128,bizitobs_application/10S/short,Web/CloudOps,51974.25390625,51974.25390625,51999.28125,51000.58984375,51500.640625,51653.91796875,51814.75390625,51974.25390625,52045.18359375,52166.58203125,52316.7109375,52635.62109375,7934,60,17,timesfm_2_5_bizitobs_m8,google/timesfm-2.5-200m-pytorch,google/timesfm-2.5-200m-pytorch,7934,intermittent_bursty,timesfm_2_5_bizitobs_m8_bizitobs_application_short_auto_arima_oral_sidecar_rerun_1783619256,Robot-Shop_dim1,gift-eval:unknown;timesfm:unknown,0
51834.0,512,auto_arima,53622.662407694006,auto_arima,1,128,bizitobs_application/10S/short,Web/CloudOps,51988.80859375,51988.80859375,51975.69921875,50999.35546875,51492.14453125,51699.95703125,51860.078125,51988.80859375,52102.87109375,52209.859375,52432.5234375,52662.6328125,7934,60,18,timesfm_2_5_bizitobs_m8,google/timesfm-2.5-200m-pytorch,google/timesfm-2.5-200m-pytorch,7934,intermittent_bursty,timesfm_2_5_bizitobs_m8_bizitobs_application_short_auto_arima_oral_sidecar_rerun_1783619256,Robot-Shop_dim1,gift-eval:unknown;timesfm:unknown,0
51079.0,512,auto_arima,53704.36077277978,auto_arima,1,128,bizitobs_application/10S/short,Web/CloudOps,52031.1796875,52031.1796875,51975.27734375,51010.328125,51538.87109375,51756.1484375,51895.6484375,52031.1796875,52170.1953125,52295.06640625,52495.359375,52796.3046875,7934,60,19,timesfm_2_5_bizitobs_m8,google/timesfm-2.5-200m-pytorch,google/timesfm-2.5-200m-pytorch,7934,intermittent_bursty,timesfm_2_5_bizitobs_m8_bizitobs_application_short_auto_arima_oral_sidecar_rerun_1783619256,Robot-Shop_dim1,gift-eval:unknown;timesfm:unknown,0
51226.0,512,auto_arima,53786.41817814346,auto_arima,1,128,bizitobs_application/10S/short,Web/CloudOps,52071.36328125,52071.36328125,52039.66015625,50996.2109375,51516.0,51756.54296875,51894.109375,52071.36328125,52244.64453125,52349.70703125,52569.46484375,52867.4296875,7934,60,20,timesfm_2_5_bizitobs_m8,google/timesfm-2.5-200m-pytorch,google/timesfm-2.5-200m-pytorch,7934,intermittent_bursty,timesfm_2_5_bizitobs_m8_bizitobs_application_short_auto_arima_oral_sidecar_rerun_1783619256,Robot-Shop_dim1,gift-eval:unknown;timesfm:unknown,0
51306.0,512,auto_arima,53868.19555002876,auto_arima,1,128,bizitobs_application/10S/short,Web/CloudOps,51993.0234375,51993.0234375,52053.69140625,50909.46484375,51405.4765625,51636.32421875,51830.41015625,51993.0234375,52129.23046875,52320.2109375,52497.76171875,52773.359375,7934,60,21,timesfm_2_5_bizitobs_m8,google/timesfm-2.5-200m-pytorch,google/timesfm-2.5-200m-pytorch,7934,intermittent_bursty,timesfm_2_5_bizitobs_m8_bizitobs_application_short_auto_arima_oral_sidecar_rerun_1783619256,Robot-Shop_dim1,gift-eval:unknown;timesfm:unknown,0
51319.0,512,auto_arima,53950.197996710354,auto_arima,1,128,bizitobs_application/10S/short,Web/CloudOps,51954.9140625,51954.9140625,51872.24609375,50772.08984375,51372.85546875,51625.62109375,51772.37890625,51954.9140625,52154.7890625,52285.8125,52485.09375,52807.8984375,7934,60,22,timesfm_2_5_bizitobs_m8,google/timesfm-2.5-200m-pytorch,google/timesfm-2.5-200m-pytorch,7934,intermittent_bursty,timesfm_2_5_bizitobs_m8_bizitobs_application_short_auto_arima_oral_sidecar_rerun_1783619256,Robot-Shop_dim1,gift-eval:unknown;timesfm:unknown,0
52012.0,512,auto_arima,54032.01887802025,auto_arima,1,128,bizitobs_application/10S/short,Web/CloudOps,51995.796875,51995.796875,51993.40625,50796.57421875,51408.05859375,51621.60546875,51833.640625,51995.796875,52134.875,52336.07421875,52466.45703125,52825.28125,7934,60,23,timesfm_2_5_bizitobs_m8,google/timesfm-2.5-200m-pytorch,google/timesfm-2.5-200m-pytorch,7934,intermittent_bursty,timesfm_2_5_bizitobs_m8_bizitobs_application_short_auto_arima_oral_sidecar_rerun_1783619256,Robot-Shop_dim1,gift-eval:unknown;timesfm:unknown,0
51865.0,512,auto_arima,54113.98383367523,auto_arima,1,128,bizitobs_application/10S/short,Web/CloudOps,51986.265625,51986.265625,52024.63671875,50793.2421875,51374.51953125,51563.54296875,51817.8984375,51986.265625,52129.90625,52320.34375,52516.78125,52779.07421875,7934,60,24,timesfm_2_5_bizitobs_m8,google/timesfm-2.5-200m-pytorch,google/timesfm-2.5-200m-pytorch,7934,intermittent_bursty,timesfm_2_5_bizitobs_m8_bizitobs_application_short_auto_arima_oral_sidecar_rerun_1783619256,Robot-Shop_dim1,gift-eval:unknown;timesfm:unknown,0
51718.0,512,auto_arima,54195.834751965645,auto_arima,1,128,bizitobs_application/10S/short,Web/CloudOps,52013.609375,52013.609375,52009.80859375,50636.54296875,51318.15234375,51577.83984375,51781.48046875,52013.609375,52130.87109375,52330.60546875,52552.86328125,52813.13671875,7934,60,25,timesfm_2_5_bizitobs_m8,google/timesfm-2.5-200m-pytorch,google/timesfm-2.5-200m-pytorch,7934,intermittent_bursty,timesfm_2_5_bizitobs_m8_bizitobs_application_short_auto_arima_oral_sidecar_rerun_1783619256,Robot-Shop_dim1,gift-eval:unknown;timesfm:unknown,0
51614.0,512,auto_arima,54277.77675850028,auto_arima,1,128,bizitobs_application/10S/short,Web/CloudOps,52037.9921875,52037.9921875,51909.87109375,50649.89453125,51358.71875,51629.06640625,51872.6875,52037.9921875,52163.33984375,52366.12890625,52603.59765625,52955.23046875,7934,60,26,timesfm_2_5_bizitobs_m8,google/timesfm-2.5-200m-pytorch,google/timesfm-2.5-200m-pytorch,7934,intermittent_bursty,timesfm_2_5_bizitobs_m8_bizitobs_application_short_auto_arima_oral_sidecar_rerun_1783619256,Robot-Shop_dim1,gift-eval:unknown;timesfm:unknown,0
51507.0,512,auto_arima,54359.64589098931,auto_arima,1,128,bizitobs_application/10S/short,Web/CloudOps,52028.31640625,52028.31640625,51959.44140625,50612.078125,51329.484375,51640.125,51866.56640625,52028.31640625,52222.859375,52408.73046875,52602.6640625,52964.10546875,7934,60,27,timesfm_2_5_bizitobs_m8,google/timesfm-2.5-200m-pytorch,google/timesfm-2.5-200m-pytorch,7934,intermittent_bursty,timesfm_2_5_bizitobs_m8_bizitobs_application_short_auto_arima_oral_sidecar_rerun_1783619256,Robot-Shop_dim1,gift-eval:unknown;timesfm:unknown,0
51468.0,512,auto_arima,54441.573034456975,auto_arima,1,128,bizitobs_application/10S/short,Web/CloudOps,51982.51171875,51982.51171875,51870.65234375,50471.86328125,51256.73046875,51598.78515625,51798.6796875,51982.51171875,52149.5546875,52321.23828125,52582.59765625,52977.671875,7934,60,28,timesfm_2_5_bizitobs_m8,google/timesfm-2.5-200m-pytorch,google/timesfm-2.5-200m-pytorch,7934,intermittent_bursty,timesfm_2_5_bizitobs_m8_bizitobs_application_short_auto_arima_oral_sidecar_rerun_1783619256,Robot-Shop_dim1,gift-eval:unknown;timesfm:unknown,0
51330.0,512,auto_arima,54523.45404563504,auto_arima,1,128,bizitobs_application/10S/short,Web/CloudOps,51960.296875,51960.296875,51892.875,50431.8203125,51281.98828125,51583.98828125,51787.0625,51960.296875,52171.2421875,52403.96484375,52603.328125,53011.00390625,7934,60,29,timesfm_2_5_bizitobs_m8,google/timesfm-2.5-200m-pytorch,google/timesfm-2.5-200m-pytorch,7934,intermittent_bursty,timesfm_2_5_bizitobs_m8_bizitobs_application_short_auto_arima_oral_sidecar_rerun_1783619256,Robot-Shop_dim1,gift-eval:unknown;timesfm:unknown,0
51146.0,512,auto_arima,54605.371843915535,auto_arima,1,128,bizitobs_application/10S/short,Web/CloudOps,52000.9921875,52000.9921875,51899.515625,50452.13671875,51287.30078125,51619.7265625,51787.09375,52000.9921875,52205.046875,52391.03515625,52656.78515625,52985.96875,7934,60,30,timesfm_2_5_bizitobs_m8,google/timesfm-2.5-200m-pytorch,google/timesfm-2.5-200m-pytorch,7934,intermittent_bursty,timesfm_2_5_bizitobs_m8_bizitobs_application_short_auto_arima_oral_sidecar_rerun_1783619256,Robot-Shop_dim1,gift-eval:unknown;timesfm:unknown,0
51259.0,512,auto_arima,54687.26028864349,auto_arima,1,128,bizitobs_application/10S/short,Web/CloudOps,51998.82421875,51998.82421875,51992.08203125,50403.55859375,51257.42578125,51582.8203125,51801.6640625,51998.82421875,52179.79296875,52413.453125,52621.92578125,52926.49609375,7934,60,31,timesfm_2_5_bizitobs_m8,google/timesfm-2.5-200m-pytorch,google/timesfm-2.5-200m-pytorch,7934,intermittent_bursty,timesfm_2_5_bizitobs_m8_bizitobs_application_short_auto_arima_oral_sidecar_rerun_1783619256,Robot-Shop_dim1,gift-eval:unknown;timesfm:unknown,0
51925.0,512,auto_arima,54769.172120095136,auto_arima,1,128,bizitobs_application/10S/short,Web/CloudOps,51899.16015625,51899.16015625,51764.69140625,50258.6953125,51138.70703125,51415.42578125,51694.875,51899.16015625,52078.125,52277.8671875,52500.8359375,52863.50390625,7934,60,32,timesfm_2_5_bizitobs_m8,google/timesfm-2.5-200m-pytorch,google/timesfm-2.5-200m-pytorch,7934,intermittent_bursty,timesfm_2_5_bizitobs_m8_bizitobs_application_short_auto_arima_oral_sidecar_rerun_1783619256,Robot-Shop_dim1,gift-eval:unknown;timesfm:unknown,0
51765.0,512,auto_arima,54851.06532598957,auto_arima,1,128,bizitobs_application/10S/short,Web/CloudOps,51911.24609375,51911.24609375,51885.5,50238.21875,51137.15234375,51454.15234375,51697.02734375,51911.24609375,52117.81640625,52269.1015625,52527.73046875,52874.69921875,7934,60,33,timesfm_2_5_bizitobs_m8,google/timesfm-2.5-200m-pytorch,google/timesfm-2.5-200m-pytorch,7934,intermittent_bursty,timesfm_2_5_bizitobs_m8_bizitobs_application_short_auto_arima_oral_sidecar_rerun_1783619256,Robot-Shop_dim1,gift-eval:unknown;timesfm:unknown,0
51721.0,512,auto_arima,54932.97337787548,auto_arima,1,128,bizitobs_application/10S/short,Web/CloudOps,51875.5859375,51875.5859375,51776.37890625,50163.2109375,51102.15234375,51416.42578125,51659.08984375,51875.5859375,52082.0390625,52286.31640625,52530.16796875,52880.26171875,7934,60,34,timesfm_2_5_bizitobs_m8,google/timesfm-2.5-200m-pytorch,google/timesfm-2.5-200m-pytorch,7934,intermittent_bursty,timesfm_2_5_bizitobs_m8_bizitobs_application_short_auto_arima_oral_sidecar_rerun_1783619256,Robot-Shop_dim1,gift-eval:unknown;timesfm:unknown,0
51721.0,512,auto_arima,55014.86959357734,auto_arima,1,128,bizitobs_application/10S/short,Web/CloudOps,51900.109375,51900.109375,51819.58984375,50109.46875,51098.6953125,51397.27734375,51644.11328125,51900.109375,52082.7421875,52285.65234375,52550.87109375,52935.5703125,7934,60,35,timesfm_2_5_bizitobs_m8,google/timesfm-2.5-200m-pytorch,google/timesfm-2.5-200m-pytorch,7934,intermittent_bursty,timesfm_2_5_bizitobs_m8_bizitobs_application_short_auto_arima_oral_sidecar_rerun_1783619256,Robot-Shop_dim1,gift-eval:unknown;timesfm:unknown,0
50908.0,512,auto_arima,55096.77524156631,auto_arima,1,128,bizitobs_application/10S/short,Web/CloudOps,51881.48828125,51881.48828125,51751.54296875,50122.921875,51109.9140625,51450.078125,51679.49609375,51881.48828125,52098.91796875,52327.02734375,52585.79296875,52944.640625,7934,60,36,timesfm_2_5_bizitobs_m8,google/timesfm-2.5-200m-pytorch,google/timesfm-2.5-200m-pytorch,7934,intermittent_bursty,timesfm_2_5_bizitobs_m8_bizitobs_application_short_auto_arima_oral_sidecar_rerun_1783619256,Robot-Shop_dim1,gift-eval:unknown;timesfm:unknown,0
51275.0,512,auto_arima,55178.673374010126,auto_arima,1,128,bizitobs_application/10S/short,Web/CloudOps,51860.33203125,51860.33203125,51821.70703125,50060.1328125,51067.23046875,51403.21875,51633.92578125,51860.33203125,52098.3828125,52265.73046875,52523.21484375,52952.12890625,7934,60,37,timesfm_2_5_bizitobs_m8,google/timesfm-2.5-200m-pytorch,google/timesfm-2.5-200m-pytorch,7934,intermittent_bursty,timesfm_2_5_bizitobs_m8_bizitobs_application_short_auto_arima_oral_sidecar_rerun_1783619256,Robot-Shop_dim1,gift-eval:unknown;timesfm:unknown,0
51275.0,512,auto_arima,55260.577496247366,auto_arima,1,128,bizitobs_application/10S/short,Web/CloudOps,51875.14453125,51875.14453125,51743.94921875,50019.2109375,51063.42578125,51399.33984375,51651.03125,51875.14453125,52114.85546875,52312.94140625,52578.60546875,52964.55859375,7934,60,38,timesfm_2_5_bizitobs_m8,google/timesfm-2.5-200m-pytorch,google/timesfm-2.5-200m-pytorch,7934,intermittent_bursty,timesfm_2_5_bizitobs_m8_bizitobs_application_short_auto_arima_oral_sidecar_rerun_1783619256,Robot-Shop_dim1,gift-eval:unknown;timesfm:unknown,0
51275.0,512,auto_arima,55342.47684428928,auto_arima,1,128,bizitobs_application/10S/short,Web/CloudOps,51861.23046875,51861.23046875,51823.93359375,50000.37890625,51026.6953125,51422.1015625,51644.828125,51861.23046875,52054.96875,52281.45703125,52503.07421875,52926.52734375,7934,60,39,timesfm_2_5_bizitobs_m8,google/timesfm-2.5-200m-pytorch,google/timesfm-2.5-200m-pytorch,7934,intermittent_bursty,timesfm_2_5_bizitobs_m8_bizitobs_application_short_auto_arima_oral_sidecar_rerun_1783619256,Robot-Shop_dim1,gift-eval:unknown;timesfm:unknown,0
51275.0,512,auto_arima,55424.37999711151,auto_arima,1,128,bizitobs_application/10S/short,Web/CloudOps,51831.5078125,51831.5078125,51734.5078125,49884.72265625,51030.07421875,51350.9609375,51609.328125,51831.5078125,52020.31640625,52217.58984375,52477.11328125,52918.9921875,7934,60,40,timesfm_2_5_bizitobs_m8,google/timesfm-2.5-200m-pytorch,google/timesfm-2.5-200m-pytorch,7934,intermittent_bursty,timesfm_2_5_bizitobs_m8_bizitobs_application_short_auto_arima_oral_sidecar_rerun_1783619256,Robot-Shop_dim1,gift-eval:unknown;timesfm:unknown,0
50863.0,512,auto_arima,55506.280117879236,auto_arima,1,128,bizitobs_application/10S/short,Web/CloudOps,51841.51953125,51841.51953125,51730.21875,49860.4140625,51013.78515625,51395.68359375,51645.0859375,51841.51953125,51995.44140625,52225.74609375,52477.46484375,52898.44921875,7934,60,41,timesfm_2_5_bizitobs_m8,google/timesfm-2.5-200m-pytorch,google/timesfm-2.5-200m-pytorch,7934,intermittent_bursty,timesfm_2_5_bizitobs_m8_bizitobs_application_short_auto_arima_oral_sidecar_rerun_1783619256,Robot-Shop_dim1,gift-eval:unknown;timesfm:unknown,0
50863.0,512,auto_arima,55588.182655090066,auto_arima,1,128,bizitobs_application/10S/short,Web/CloudOps,51764.85546875,51764.85546875,51702.4453125,49700.140625,50879.00390625,51268.56640625,51571.4765625,51764.85546875,51900.2265625,52143.26171875,52441.5234375,52878.09765625,7934,60,42,timesfm_2_5_bizitobs_m8,google/timesfm-2.5-200m-pytorch,google/timesfm-2.5-200m-pytorch,7934,intermittent_bursty,timesfm_2_5_bizitobs_m8_bizitobs_application_short_auto_arima_oral_sidecar_rerun_1783619256,Robot-Shop_dim1,gift-eval:unknown;timesfm:unknown,0
51504.0,512,auto_arima,55670.08326642126,auto_arima,1,128,bizitobs_application/10S/short,Web/CloudOps,51791.08203125,51791.08203125,51676.34765625,49701.3125,50901.99609375,51302.96875,51555.4453125,51791.08203125,51956.43359375,52214.19140625,52441.86328125,52905.71875,7934,60,43,timesfm_2_5_bizitobs_m8,google/timesfm-2.5-200m-pytorch,google/timesfm-2.5-200m-pytorch,7934,intermittent_bursty,timesfm_2_5_bizitobs_m8_bizitobs_application_short_auto_arima_oral_sidecar_rerun_1783619256,Robot-Shop_dim1,gift-eval:unknown;timesfm:unknown,0
51504.0,512,auto_arima,55751.98541259628,auto_arima,1,128,bizitobs_application/10S/short,Web/CloudOps,51808.484375,51808.484375,51675.26171875,49702.51953125,50890.8828125,51295.51953125,51560.86328125,51808.484375,51996.05859375,52229.7734375,52483.42578125,52926.29296875,7934,60,44,timesfm_2_5_bizitobs_m8,google/timesfm-2.5-200m-pytorch,google/timesfm-2.5-200m-pytorch,7934,intermittent_bursty,timesfm_2_5_bizitobs_m8_bizitobs_application_short_auto_arima_oral_sidecar_rerun_1783619256,Robot-Shop_dim1,gift-eval:unknown;timesfm:unknown,0
51504.0,512,auto_arima,55833.88633558785,auto_arima,1,128,bizitobs_application/10S/short,Web/CloudOps,51769.2890625,51769.2890625,51599.05859375,49604.60546875,50850.28515625,51293.6796875,51542.38671875,51769.2890625,52029.48046875,52218.1015625,52499.2109375,52899.8515625,7934,60,45,timesfm_2_5_bizitobs_m8,google/timesfm-2.5-200m-pytorch,google/timesfm-2.5-200m-pytorch,7934,intermittent_bursty,timesfm_2_5_bizitobs_m8_bizitobs_application_short_auto_arima_oral_sidecar_rerun_1783619256,Robot-Shop_dim1,gift-eval:unknown;timesfm:unknown,0
51504.0,512,auto_arima,55915.78823340862,auto_arima,1,128,bizitobs_application/10S/short,Web/CloudOps,51732.71484375,51732.71484375,51641.796875,49500.61328125,50767.90625,51148.33984375,51468.9921875,51732.71484375,51917.4140625,52188.8515625,52371.203125,52790.62890625,7934,60,46,timesfm_2_5_bizitobs_m8,google/timesfm-2.5-200m-pytorch,google/timesfm-2.5-200m-pytorch,7934,intermittent_bursty,timesfm_2_5_bizitobs_m8_bizitobs_application_short_auto_arima_oral_sidecar_rerun_1783619256,Robot-Shop_dim1,gift-eval:unknown;timesfm:unknown,0
51504.0,512,auto_arima,55997.689354320755,auto_arima,1,128,bizitobs_application/10S/short,Web/CloudOps,51709.8828125,51709.8828125,51586.09765625,49485.04296875,50709.46875,51203.57421875,51470.34765625,51709.8828125,51952.703125,52166.54296875,52427.0625,52809.6484375,7934,60,47,timesfm_2_5_bizitobs_m8,google/timesfm-2.5-200m-pytorch,google/timesfm-2.5-200m-pytorch,7934,intermittent_bursty,timesfm_2_5_bizitobs_m8_bizitobs_application_short_auto_arima_oral_sidecar_rerun_1783619256,Robot-Shop_dim1,gift-eval:unknown;timesfm:unknown,0
51504.0,512,auto_arima,56079.59109439758,auto_arima,1,128,bizitobs_application/10S/short,Web/CloudOps,51645.2890625,51645.2890625,51507.48046875,49315.890625,50601.0546875,51136.91796875,51434.5703125,51645.2890625,51848.38671875,52142.56640625,52379.24609375,52787.3984375,7934,60,48,timesfm_2_5_bizitobs_m8,google/timesfm-2.5-200m-pytorch,google/timesfm-2.5-200m-pytorch,7934,intermittent_bursty,timesfm_2_5_bizitobs_m8_bizitobs_application_short_auto_arima_oral_sidecar_rerun_1783619256,Robot-Shop_dim1,gift-eval:unknown;timesfm:unknown,0
50646.0,512,auto_arima,56161.49234102821,auto_arima,1,128,bizitobs_application/10S/short,Web/CloudOps,51647.01953125,51647.01953125,51487.46484375,49225.5,50564.6171875,51107.828125,51432.68359375,51647.01953125,51845.0703125,52123.17578125,52413.8515625,52797.3359375,7934,60,49,timesfm_2_5_bizitobs_m8,google/timesfm-2.5-200m-pytorch,google/timesfm-2.5-200m-pytorch,7934,intermittent_bursty,timesfm_2_5_bizitobs_m8_bizitobs_application_short_auto_arima_oral_sidecar_rerun_1783619256,Robot-Shop_dim1,gift-eval:unknown;timesfm:unknown,0
50985.0,512,auto_arima,56243.393980915636,auto_arima,1,128,bizitobs_application/10S/short,Web/CloudOps,51630.37890625,51630.37890625,51437.4453125,49168.046875,50577.859375,51062.9921875,51415.71484375,51630.37890625,51857.30078125,52135.01953125,52419.94140625,52846.40625,7934,60,50,timesfm_2_5_bizitobs_m8,google/timesfm-2.5-200m-pytorch,google/timesfm-2.5-200m-pytorch,7934,intermittent_bursty,timesfm_2_5_bizitobs_m8_bizitobs_application_short_auto_arima_oral_sidecar_rerun_1783619256,Robot-Shop_dim1,gift-eval:unknown;timesfm:unknown,0
51017.0,512,auto_arima,56325.295307392094,auto_arima,1,128,bizitobs_application/10S/short,Web/CloudOps,51629.65625,51629.65625,51496.73046875,49082.51171875,50504.4453125,51031.81640625,51342.0234375,51629.65625,51845.85546875,52113.8828125,52388.09375,52769.14453125,7934,60,51,timesfm_2_5_bizitobs_m8,google/timesfm-2.5-200m-pytorch,google/timesfm-2.5-200m-pytorch,7934,intermittent_bursty,timesfm_2_5_bizitobs_m8_bizitobs_application_short_auto_arima_oral_sidecar_rerun_1783619256,Robot-Shop_dim1,gift-eval:unknown;timesfm:unknown,0
51017.0,512,auto_arima,56407.1968836445,auto_arima,1,128,bizitobs_application/10S/short,Web/CloudOps,51656.46484375,51656.46484375,51471.37890625,49121.8671875,50519.1171875,51108.54296875,51404.11328125,51656.46484375,51909.71484375,52162.0,52467.46875,52871.23046875,7934,60,52,timesfm_2_5_bizitobs_m8,google/timesfm-2.5-200m-pytorch,google/timesfm-2.5-200m-pytorch,7934,intermittent_bursty,timesfm_2_5_bizitobs_m8_bizitobs_application_short_auto_arima_oral_sidecar_rerun_1783619256,Robot-Shop_dim1,gift-eval:unknown;timesfm:unknown,0
50265.0,512,auto_arima,56489.09826083592,auto_arima,1,128,bizitobs_application/10S/short,Web/CloudOps,51648.23828125,51648.23828125,51505.8515625,48949.33984375,50444.07421875,51050.359375,51380.23828125,51648.23828125,51866.9375,52144.8125,52466.359375,52859.25390625,7934,60,53,timesfm_2_5_bizitobs_m8,google/timesfm-2.5-200m-pytorch,google/timesfm-2.5-200m-pytorch,7934,intermittent_bursty,timesfm_2_5_bizitobs_m8_bizitobs_application_short_auto_arima_oral_sidecar_rerun_1783619256,Robot-Shop_dim1,gift-eval:unknown;timesfm:unknown,0
50172.0,512,auto_arima,56570.99979667093,auto_arima,1,128,bizitobs_application/10S/short,Web/CloudOps,51603.0234375,51603.0234375,51392.27734375,48852.9609375,50376.11328125,51005.9609375,51324.55078125,51603.0234375,51845.05078125,52082.7890625,52457.51953125,52841.44140625,7934,60,54,timesfm_2_5_bizitobs_m8,google/timesfm-2.5-200m-pytorch,google/timesfm-2.5-200m-pytorch,7934,intermittent_bursty,timesfm_2_5_bizitobs_m8_bizitobs_application_short_auto_arima_oral_sidecar_rerun_1783619256,Robot-Shop_dim1,gift-eval:unknown;timesfm:unknown,0
50172.0,512,auto_arima,56652.901206073235,auto_arima,1,128,bizitobs_application/10S/short,Web/CloudOps,51633.5859375,51633.5859375,51424.98046875,48827.296875,50326.671875,51002.36328125,51344.234375,51633.5859375,51938.35546875,52163.8046875,52528.67578125,52947.79296875,7934,60,55,timesfm_2_5_bizitobs_m8,google/timesfm-2.5-200m-pytorch,google/timesfm-2.5-200m-pytorch,7934,intermittent_bursty,timesfm_2_5_bizitobs_m8_bizitobs_application_short_auto_arima_oral_sidecar_rerun_1783619256,Robot-Shop_dim1,gift-eval:unknown;timesfm:unknown,0
50874.0,512,auto_arima,56734.802716237326,auto_arima,1,128,bizitobs_application/10S/short,Web/CloudOps,51563.19140625,51563.19140625,51279.51171875,48656.58203125,50213.73046875,50846.41796875,51259.765625,51563.19140625,51844.12109375,52086.734375,52437.6015625,52794.046875,7934,60,56,timesfm_2_5_bizitobs_m8,google/timesfm-2.5-200m-pytorch,google/timesfm-2.5-200m-pytorch,7934,intermittent_bursty,timesfm_2_5_bizitobs_m8_bizitobs_application_short_auto_arima_oral_sidecar_rerun_1783619256,Robot-Shop_dim1,gift-eval:unknown;timesfm:unknown,0
50874.0,512,auto_arima,56816.704146098375,auto_arima,1,128,bizitobs_application/10S/short,Web/CloudOps,51569.0859375,51569.0859375,51256.0625,48562.25,50181.7890625,50916.70703125,51268.75,51569.0859375,51824.6171875,52108.96484375,52435.1328125,52824.69140625,7934,60,57,timesfm_2_5_bizitobs_m8,google/timesfm-2.5-200m-pytorch,google/timesfm-2.5-200m-pytorch,7934,intermittent_bursty,timesfm_2_5_bizitobs_m8_bizitobs_application_short_auto_arima_oral_sidecar_rerun_1783619256,Robot-Shop_dim1,gift-eval:unknown;timesfm:unknown,0
50874.0,512,auto_arima,56898.605639957714,auto_arima,1,128,bizitobs_application/10S/short,Web/CloudOps,51536.7109375,51536.7109375,51217.82421875,48459.60546875,50098.7421875,50815.15234375,51204.515625,51536.7109375,51852.2734375,52079.8828125,52434.92578125,52856.8125,7934,60,58,timesfm_2_5_bizitobs_m8,google/timesfm-2.5-200m-pytorch,google/timesfm-2.5-200m-pytorch,7934,intermittent_bursty,timesfm_2_5_bizitobs_m8_bizitobs_application_short_auto_arima_oral_sidecar_rerun_1783619256,Robot-Shop_dim1,gift-eval:unknown;timesfm:unknown,0
50572.0,512,auto_arima,56980.50708281297,auto_arima,1,128,bizitobs_application/10S/short,Web/CloudOps,51551.5703125,51551.5703125,51162.84375,48450.3984375,50105.53515625,50795.828125,51208.90625,51551.5703125,51860.62890625,52121.90234375,52423.23046875,52913.8046875,7934,60,59,timesfm_2_5_bizitobs_m8,google/timesfm-2.5-200m-pytorch,google/timesfm-2.5-200m-pytorch,7934,intermittent_bursty,timesfm_2_5_bizitobs_m8_bizitobs_application_short_auto_arima_oral_sidecar_rerun_1783619256,Robot-Shop_dim1,gift-eval:unknown;timesfm:unknown,0
50672.0,512,auto_arima,57062.40856631642,auto_arima,1,128,bizitobs_application/10S/short,Web/CloudOps,51579.8046875,51579.8046875,51319.74609375,48413.5546875,50105.5234375,50847.73046875,51247.6484375,51579.8046875,51900.359375,52145.91015625,52424.02734375,52987.98046875,7934,60,60,timesfm_2_5_bizitobs_m8,google/timesfm-2.5-200m-pytorch,google/timesfm-2.5-200m-pytorch,7934,intermittent_bursty,timesfm_2_5_bizitobs_m8_bizitobs_application_short_auto_arima_oral_sidecar_rerun_1783619256,Robot-Shop_dim1,gift-eval:unknown;timesfm:unknown,0
